cnpj,plataforma,nome_fundo,classe_anbima,fonte,atualizado
22100009000107,BTG,AZ QUEST ALTRO FIC DE FUNDOS DE INVESTIMENTO FINANCEIRO MULTIMERCADO CRÉDITO PRIVADO,Multimercados Dinâmico,API,03/06/2026
10320188000109,BTG,AZ QUEST LOW VOL FUNDO DE INVESTIMENTO FINANCEIRO MULTIMERCADO RESPONSABILIDADE LIMITADA,Multimercados Dinâmico,API,03/06/2026
41266134000136,BTG,BTG AUTOINVEST MODERADO FI FINANCEIRO EM COTAS DE FUNDOS DE INVESTIMENTO MULTIMERCADO,Multimercados Dinâmico,API,03/06/2026
58327943000103,BTG,ICATU VANGUARDA DINÂMICO CDI FIF CLASSE DE INVESTIMENTO MULTIMERCADO - RESPONSABILIDADE LIMITADA,Multimercados Dinâmico,API,03/06/2026
64025077000107,BTG,ICATU VANGUARDA IPORANGA PG FIF - CLASSE DE INVESTIMENTO MULTIMERCADO CRED PRIV - RESP LIMITADA,Multimercados Dinâmico,API,03/06/2026
52026419000116,BTG,ITAÚ GLOBAL DINÂMICO ULTRA DISTRIBUIDORES FIF CIC MULTIMERCADO - RESPONSABILIDADE LIMITADA,Multimercados Dinâmico,API,03/06/2026
40265199000102,BTG,RIZA MEYENII 180 FUNDO DE INVESTIMENTO FINANCEIRO EM COTAS DE FUNDOS DE INVESTIMENTO MULTIMERCADO,Multimercados Dinâmico,API,03/06/2026
42405028000159,BTG,ROOT CAPITAL CRÉDITO HG PLUS FIC DE FIF MULTIMERCADO CRÉDITO PRIVADO - RESPONSABILIDADE LIMITADA,Multimercados Dinâmico,API,03/06/2026
21983042000160,BTG,ABSOLUTE ALPHA GLOBAL FIC DE FI FINANCEIRO MULTIMERCADO - RESPONSABILIDADE LIMITADA,Multimercados Estrat. Específica,API,03/06/2026
35618055000144,BTG,ABSOLUTE ALPHA MARB FUNDO DE INVESTIMENTO EM COTAS DE FIF MULTIMERCADO - RESPONSABILIDADE LIMITADA,Multimercados Estrat. Específica,API,03/06/2026
51112363000150,BTG,ABSOLUTE HIDRA IPCA FI EM COTAS DE FUNDOS INCENTIVADOS DE INVESTIMENTO EM INFRA RENDA FIXA,Multimercados Estrat. Específica,API,03/06/2026
25213405000139,BTG,AZ QUEST DEB INCENTIVADAS FIC DE FIF INCENTIVADO DE INVESTIMENTO EM INFRA RENDA FIXA CRÉDITO PRIVADO,Multimercados Estrat. Específica,API,03/06/2026
37235773000167,BTG,BRADESCO OURO FI FINANCEIRO - CIC MULT - RESP LIMITADA,Multimercados Estrat. Específica,API,03/06/2026
37235748000183,BTG,BRADESCO OURO USD FI FINANCEIRO - CIC MULT - RESP LIMITADA,Multimercados Estrat. Específica,API,03/06/2026
36498594000150,BTG,BTG PACTUAL REFERENCE OURO FI FINANCEIRO EM COTAS DE FUNDOS DE INVESTIMENTO MULTIMERCADO,Multimercados Estrat. Específica,API,03/06/2026
36727910000118,BTG,BTG PACTUAL REFERENCE OURO USD FI FINANCEIRO EM COTAS DE FUNDOS DE INVESTIMENTO MULTIMERCADO,Multimercados Estrat. Específica,API,03/06/2026
38120941000131,BTG,BTG PACTUAL REFERENCE PRATA FUNDO DE INVESTIMENTO FINANCEIRO MULTIMERCADO,Multimercados Estrat. Específica,API,03/06/2026
43274439000115,BTG,BTG PACTUAL REFERENCE SEMICONDUTORES FUNDO DE INVESTIMENTO FINANCEIRO MULTIMERCADO,Multimercados Estrat. Específica,API,03/06/2026
57879610000124,BTG,BTG PACTUAL SMART OPPORTUNITIES FUNDO DE INVESTIMENTO FINANCEIRO,Multimercados Estrat. Específica,API,03/06/2026
17453850000148,BTG,CLASSE ÚNICA DO WESTERN ASSET US INDEX 500 FIF MULTIMERCADO RESPONSABILIDADE LIMITADA,Multimercados Estrat. Específica,API,03/06/2026
33736845000107,BTG,HASHDEX 100 NASDAQ CRYPTO INDEX FUNDO DE INVESTIMENTO MULTIMERCADO,Multimercados Estrat. Específica,API,03/06/2026
33736873000116,BTG,HASHDEX 20 NASDAQ CRYPTO INDEX FUNDO DE INVESTIMENTO FINANCEIRO EM COTAS DE FIM,Multimercados Estrat. Específica,API,03/06/2026
35088108000162,BTG,HASHDEX 40 NASDAQ CRYPTO INDEX FUNDO DE INVESTIMENTO FINANCEIRO EM COTAS DE FI MULTIMERCADO,Multimercados Estrat. Específica,API,03/06/2026
36986672000165,BTG,HASHDEX BITCOIN FUNDO DE INVESTIMENTO MULTIMERCADO,Multimercados Estrat. Específica,API,03/06/2026
47612274000103,BTG,HASHDEX CRYPTO DINÂMICO LONG-BIASED FIC DE FIF MULTIMERCADO LONGO PRAZO - RESPONSABILIDADE LIMITADA,Multimercados Estrat. Específica,API,03/06/2026
45604985000100,BTG,HASHDEX CRYPTO SELECTION FIC DE FIF MULTIMERCADO - RESPONSABILIDADE LIMITADA,Multimercados Estrat. Específica,API,03/06/2026
44835685000161,BTG,JGP REAL ESTATE MULTIESTRATÉGIA FIC DE FI FINANCEIRO MULTIMERCADO - RESPONSABILIDADE LIMITADA,Multimercados Estrat. Específica,API,03/06/2026
21946695000179,BTG,JGP SELECT FI EM COTAS DE FUNDOS DE INVESTIMENTO FINANCEIRO MULTIMERCADO CRÉDITO PRIVADO RESP LTDA,Multimercados Estrat. Específica,API,03/06/2026
39487617000119,BTG,LEGACY CAPITAL CREDIT FUNDO DE INVESTIMENTO FINANCEIRO MULTIMERCADO - CRÉDITO PRIVADO RESPONSABILIDA,Multimercados Estrat. Específica,API,03/06/2026
27928186000108,BTG,QUANTITAS FUNDO DE INVESTIMENTO FINANCEIRO MULTIMERCADO GALÁPAGOS RESPONSABILIDADE LIMITADA,Multimercados Estrat. Específica,API,03/06/2026
38281372000106,BTG,RÉGIA CRÉDITO ESG FIC DE FI FINANCEIRO MULTIMERCADO CRÉDITO PRIVADO IS - RESPONSABILIDADE LIMITADA,Multimercados Estrat. Específica,API,03/06/2026
18623722000168,BTG,SAFRA DEBÊNTURES INCENTIVADAS CRÉDITO PRIVADO FIF INV EM INFRA CIC RF EM INFRA RESP LIMITADA,Multimercados Estrat. Específica,API,03/06/2026
54401649000143,BTG,SAFRA INTELIGÊNCIA ARTIFICIAL FIF CLASSE DE INVESTIMENTO MULTIMERCADO RESPONSABILIDADE LIMITADA,Multimercados Estrat. Específica,API,03/06/2026
34781162000126,BTG,SPX SEAHAWK PLUS FIF CIC MULTIMERCADO CRÉDITO PRIVADO RESPONSABILIDADE LIMITADA,Multimercados Estrat. Específica,API,03/06/2026
50231769000199,BTG,ACCESS BTGP GLOBAL FIXED INCOME FOF BRL FUNDO DE INVESTIMENTO FINANCEIRO MULTIMERCADO,Multimercados Invest. no Exterior,API,03/06/2026
24454718000116,BTG,ACCESS JPMORGAN DOLAR GLOBAL MACRO OPPORTUNITIES FIF MULTIMERCADO IE - RESPONSABILIDADE LIMITADA,Multimercados Invest. no Exterior,API,03/06/2026
29587389000103,BTG,ACCESS JPMORGAN GLOBAL BOND OPPORTUNITIES FIC DE FIF MULTIMERCADO IE CLASSE A - RESP LIMITADA,Multimercados Invest. no Exterior,API,03/06/2026
26112046000196,BTG,ACCESS JPMORGAN GLOBAL INCOME FIC DE FIF MULTIMERCADO IE CLASSE A - RESPONSABILIDADE LIMITADA,Multimercados Invest. no Exterior,API,03/06/2026
19821469000110,BTG,ACCESS JPMORGAN GLOBAL MACRO OPPORTUNITIES FIC DE FIF MULTIMERCADO IE CLASSE A - RESP LIMITADA,Multimercados Invest. no Exterior,API,03/06/2026
49307394000114,BTG,AUTOINVEST GLOBAL BALANCED USD FUNDO DE INVESTIMENTO MULTIMERCADO,Multimercados Invest. no Exterior,API,03/06/2026
39293607000142,BTG,BB ASSET MULTIMERCADO NORDEA ALPHA 15 HEDGE LP IE FIC FIF RESPONSABILIDADE LIMITADA,Multimercados Invest. no Exterior,API,03/06/2026
33361831000148,BTG,BLACKROCK DYNAMIC HIGH INCOME CIC DE CLASSE DE INVESTIMENTO MULTIMERCADO RESP LIMITADA,Multimercados Invest. no Exterior,API,03/06/2026
33361798000156,BTG,BLACKROCK GLOBAL BOND INCOME CLASSE DE INVESTIMENTO EM CIC MULTIMERCADO - RESPONSABILIDADE LIMITADA,Multimercados Invest. no Exterior,API,03/06/2026
33361657000133,BTG,BLACKROCK GLOBAL EVENT DRIVEN CLASSE DE  INVESTIMENTO MULTIMERCADO  RESPONSABILIDADE LIMITADA,Multimercados Invest. no Exterior,API,03/06/2026
37098846000116,BTG,BTG PACTUAL FEEDER LATAM CORPORATE DEBT FUNDO DE INVESTIMENTO FINANCEIRO MULTIMERCADO,Multimercados Invest. no Exterior,API,03/06/2026
41771697000181,BTG,BTG PACTUAL REFERENCE BITCOIN 100 FI FINANCEIRO EM COTAS DE FUNDOS DE INVESTIMENTO MULTIMERCADO,Multimercados Invest. no Exterior,API,03/06/2026
37953241000165,BTG,BTG PACTUAL US RATES BRL FUNDO DE INVESTIMENTO FINANCEIRO MULTIMERCADO,Multimercados Invest. no Exterior,API,03/06/2026
35002927000145,BTG,BTGP AQR LONG-BIASED EQUITIES FI FINANCEIRO EM COTAS DE FUNDOS DE INVESTIMENTO EM AÇÕES,Multimercados Invest. no Exterior,API,03/06/2026
65785418000105,BTG,BTGP CORDILLERA FUNDO DE INVESTIMENTO FINANCEIRO MULTIMERCADO,Multimercados Invest. no Exterior,API,03/06/2026
29177909000100,BTG,BTGP MFS MERIDIAN PRUDENT CAPITAL FI FINANCEIRO EM COTAS DE FUNDOS DE INVESTIMENTO MULTIMERCADO,Multimercados Invest. no Exterior,API,03/06/2026
31964074000171,BTG,BTGP MOBIUS EMERGING MARKETS FUNDO DE INVESTIMENTO FINANCEIRO MULTIMERCADO,Multimercados Invest. no Exterior,API,03/06/2026
39281097000193,BTG,BTGP MULTIGESTOR OFFSHORE FI FINANCEIRO EM COTAS DE FUNDOS DE INVESTIMENTO MULTIMERCADO,Multimercados Invest. no Exterior,API,03/06/2026
33158068000152,BTG,BTGP PICTET-GLOBAL MEGATREND SELECTION FI FINANCEIRO EM COTAS DE FUNDOS DE INVESTIMENTO MULTIMERCADO,Multimercados Invest. no Exterior,API,03/06/2026
29178368000126,BTG,BTGP RBC GLOBAL CREDITS FUNDO DE INVESTIMENTO FINANCEIRO EM COTAS DE FI MULTIMERCADO,Multimercados Invest. no Exterior,API,03/06/2026
39835826000106,BTG,BTGP THUNDERBOLT FUNDO DE INVESTIMENTO FINANCEIRO EM COTAS DE FIM ACCESS,Multimercados Invest. no Exterior,API,03/06/2026
58436162000157,BTG,CLASSE A DE COTAS MULTIMERCADO DO AQR APEX MULTI STRATEGY FIF - RESPONSABILIDADE LIMITADA,Multimercados Invest. no Exterior,API,03/06/2026
33736767000132,BTG,EMPIRICUS CRIPTOMOEDAS FI FINANCEIRO EM COTAS DE FUNDO DE INVESTIMENTO FINANCEIRO MULTIMERCADO,Multimercados Invest. no Exterior,API,03/06/2026
56223657000172,BTG,EMPIRICUS DIGITAL CRYPTO ATIVO FUNDO DE INVESTIMENTO MULTIMERCADO,Multimercados Invest. no Exterior,API,03/06/2026
33925183000105,BTG,EMPIRICUS FOF MELHORES FUNDOS GLOBAL FUNDO DE INVESTIMENTO FINANCEIRO MULT INVESTIMENTO EXTERIOR,Multimercados Invest. no Exterior,API,03/06/2026
35120080000101,BTG,EMPIRICUS MONEY RIDER HF GLOBAL FUNDO DE INVESTIMENTO FINANCEIRO MULTIMERCADO,Multimercados Invest. no Exterior,API,03/06/2026
36327569000103,BTG,GAMA BW ALL WEATHER@12% USD FIC DE FI FINANCEIRO MULTIMERCADO INVEST NO EXT - RESPONSABILIDADE LTDA,Multimercados Invest. no Exterior,API,03/06/2026
35744790000102,BTG,GAMA SCHRODER GAIA CONTOUR TECH EQUITY LONG & SHORT BRL FIF - CIC MULT IE - RESP LIMITADA,Multimercados Invest. no Exterior,API,03/06/2026
28856772000149,BTG,GAMA SCHRODER GAIA TS DIVERSIFIED BRL FIF MULTIMERCADO INVESTIMENTO NO EXTERIOR - RESP LIMITADA,Multimercados Invest. no Exterior,API,03/06/2026
37405108000174,BTG,GAMA WELLINGTON SCHRODER GAIA BRL FIF - CIC MULTIMERCADO INVESTIMENTO NO EXTERIOR - RESP LIMITADA,Multimercados Invest. no Exterior,API,03/06/2026
40212940000169,BTG,HASHDEX CRYPTO TOP PERFORMERS FIF MULTIMERCADO - RESPONSABILIDADE LIMITADA,Multimercados Invest. no Exterior,API,03/06/2026
26525450000191,BTG,JGP SELECT PREMIUM FIF MULTIMERCADO CRÉDITO PRIVADO IE - RESPONSABILIDADE LIMITADA,Multimercados Invest. no Exterior,API,03/06/2026
41593371000101,BTG,KINEA ÁRTEMIS FUNDO DE INVESTIMENTO FINANCEIRO MULTIMERCADO RESPONSABILIDADE LIMITADA,Multimercados Invest. no Exterior,API,03/06/2026
38001966000116,BTG,MAG GLOBAL EQUITY FUNDO DE INVESTIMENTO EM COTAS DE FIF MULTIMERCADO - RESP LIMITADA,Multimercados Invest. no Exterior,API,03/06/2026
32319558000120,BTG,MAN AHL TARGET RISK BRL FIC DE FIF MULTI IE - RESPONSABILIDADE LTDA,Multimercados Invest. no Exterior,API,03/06/2026
38281316000171,BTG,MAN AHL TARGET RISK USD FIC FIF MULTI IE - RESPONSABILIDADE LTDA,Multimercados Invest. no Exterior,API,03/06/2026
41594835000102,BTG,MAN GLG HIGH YIELD OPPORTUNITIES BRL FI EM COTAS DE FIF MULTI IE - RESPONSABILIDADE LTDA,Multimercados Invest. no Exterior,API,03/06/2026
64790471000123,BTG,MAR FUNDO DE INVESTIMENTO FINANCEIRO EM COTAS DE FUNDO DE INVESTIMENTO MULTIMERCADO,Multimercados Invest. no Exterior,API,03/06/2026
38049108000141,BTG,MERAKI EQUITY HEDGE FUNDO DE INVESTIMENTO FINANCEIRO EM COTAS DE FUNDOS DE INVESTIMENTO MULTIMERCADO,Multimercados Invest. no Exterior,API,03/06/2026
38049303000171,BTG,MERAKI LONG BIASED FI EM COTAS DE FUNDOS DE INVESTIMENTO MULTIMERCADO,Multimercados Invest. no Exterior,API,03/06/2026
30338686000196,BTG,OAKTREE CREDIT FI FINANCEIRO EM COTAS DE FUNDOS DE INVESTIMENTO MULTIMERCADO ACCESS,Multimercados Invest. no Exterior,API,03/06/2026
29853005000149,BTG,OAKTREE GLOBAL CREDIT BRL FUNDO DE INVESTIMENTO EM COTAS DE FUNDOS DE INVESTIMENTO MULTIMERCADO,Multimercados Invest. no Exterior,API,03/06/2026
40660810000199,BTG,OAKTREE GLOBAL CREDIT USD FUNDO DE INVESTIMENTO EM COTAS DE FUNDOS DE INVESTIMENTO MULTIMERCADO,Multimercados Invest. no Exterior,API,03/06/2026
39991941000170,BTG,PICTET GLOBAL MEGATREND SELECTION DOLAR FI FINANCEIRO EM COTAS DE FIM,Multimercados Invest. no Exterior,API,03/06/2026
29066331000106,BTG,PIMCO GLOBAL FINANCIALS CREDIT FIC DE FIF MULTIMERCADO IE LONGO PRAZO - RESP LIMITADA,Multimercados Invest. no Exterior,API,03/06/2026
32225478000106,BTG,PIMCO INCOME DÓLAR FIC DE FIF MULTIMERCADO INVESTIMENTO NO EXTERIOR LONGO PRAZO - RESP LIMITADA,Multimercados Invest. no Exterior,API,03/06/2026
23729512000199,BTG,PIMCO INCOME FIC DE FIF MULTIMERCADO INVESTIMENTO NO EXTERIOR LONGO PRAZO - RESP LIMITADA,Multimercados Invest. no Exterior,API,03/06/2026
36046327000141,BTG,PÁTRIA MONEDA LATAM CORPORATE CREDIT FI EM COTAS DE FI MULTIMERCADO CRED PRIV RESP LIMITADA,Multimercados Invest. no Exterior,API,03/06/2026
34508815000106,BTG,QR BLOCKCHAIN ASSETS I FIF MULTIMERCADO - RESPONSABILIDADE LIMITADA,Multimercados Invest. no Exterior,API,03/06/2026
18489909000110,BTG,SPXR FUNDO DE INVESTIMENTO FINANCEIRO EM COTAS DE FUNDOS DE INVESTIMENTO MULTIMERCADO,Multimercados Invest. no Exterior,API,03/06/2026
37504085000155,BTG,T.ROWE GLOBAL ALLOCATION FUND DOLAR FUNDO DE INVESTIMENTO FINANCEIRO EM COTAS DE FIM,Multimercados Invest. no Exterior,API,03/06/2026
61703296000100,BTG,VINCI SPECIAL OPPORTUNITIES HEDGED FUNDO DE INVESTIMENTO FINANCEIRO MULTIMERCADO,Multimercados Invest. no Exterior,API,03/06/2026
37310657000165,BTG,IBIUNA CREDIT FIF - CLASSE DE INVESTIMENTO EM COTAS MULTIMERCADO CRÉDITO PRIVADO - RESP LIMITADA,Multimercados Juros e Moedas,API,03/06/2026
41545043000130,BTG,IBIUNA TOTAL CREDIT FIF - CLASSE DE INVESTIMENTO MULTIMERCADO CRÉD PRIV - RESPONSABILIDADE LIMITADA,Multimercados Juros e Moedas,API,03/06/2026
12440825000106,BTG,VINCI MULTIESTRATÉGIA FI FINANCEIRO - CI MULT - RESP LIMITADA,Multimercados Juros e Moedas,API,03/06/2026
13396703000122,BTG,VINCI VALOREM FIF - CLASSE DE INVESTIMENTO MULTIMERCADO - RESPONSABILIDADE LIMITADA,Multimercados Juros e Moedas,API,03/06/2026
46929688000190,BTG,AZ QUEST BAYES LONG SHORT SISTEMÁTICO FI EM COTAS DE FUNDOS DE INVESTIMENTO MULTIMERCADO,Multimercados L/S - Direcional,API,03/06/2026
14812722000155,BTG,AZ QUEST TOTAL RETURN FUNDO DE INVESTIMENTO EM COTAS DE FUNDOS DE  INVESTIMENTO FIN MULTIMERCADO,Multimercados L/S - Direcional,API,03/06/2026
60018029000122,BTG,BTG PACTUAL SYNERGY EQUITY HEDGE FUNDO DE INVESTIMENTO FINANCEIRO MULTIMERCADO,Multimercados L/S - Direcional,API,03/06/2026
40920066000114,BTG,GIANT DAO MULTIFACTOR LONG BIASED FIF EM COTAS DE FUNDOS DE INVESTIMENTO MULTIMERCADO,Multimercados L/S - Direcional,API,03/06/2026
24140256000162,BTG,MOAT CAPITAL EQUITY HEDGE FIF CIC MULTIMERCADO RESPONSABILIDADE LIMITADA,Multimercados L/S - Direcional,API,03/06/2026
12430199000177,BTG,NAVI LONG SHORT FI FINANCEIRO - CIC MULT - RESP LIMITADA,Multimercados L/S - Direcional,API,03/06/2026
31922843000179,BTG,NEO ARGO LONG AND SHORT FIF DA CIC MULTIMERCADO RESPONSABILIDADE LIMITADA,Multimercados L/S - Direcional,API,03/06/2026
17164789000119,BTG,OCCAM LONG & SHORT PLUS FI EM COTAS DE FIF MULTIMERCADO - RESPONSABILIDADE LIMITADA,Multimercados L/S - Direcional,API,03/06/2026
18525868000170,BTG,OCCAM LONG BIASED FI EM COTAS DE FI MULTIMERCADO - RESPONSABILIDADE LIMITADA,Multimercados L/S - Direcional,API,03/06/2026
26831831000107,BTG,TRUXT LONG SHORT FUNDO DE INVESTIMENTO FINANCEIRO EM COTAS DE FI MULTIMERCADO ACCESS,Multimercados L/S - Direcional,API,03/06/2026
40575693000165,BTG,TÁVOLA EQUITY HEDGE 15 FUNDO DE INVESTIMENTO FINANCEIRO MULTIMERCADO,Multimercados L/S - Direcional,API,03/06/2026
18391138000124,BTG,IBIUNA LONG SHORT STLS FIF - CLASSE DE INVESTIMENTO EM COTAS MULTIMERCADO - RESP LIMITADA,Multimercados L/S - Neutro,API,03/06/2026
36181846000112,BTG,A1 HEDGE FUNDO DE INVESTIMENTO FINANCEIRO DA CLASSE DE INVESTIMENTO EM COTAS MULT RESP LIMITADA,Multimercados Livre,API,03/06/2026
53827819000193,BTG,ABSOLUTE PACE FUNDO DE INVESTIMENTO EM COTAS DE FUNDOS DE INVESTIMENTO FINANCEIRO MULTIMERCADO,Multimercados Livre,API,03/06/2026
43984537000146,BTG,ACCESS KAPITALO K10 FUNDO DE INVESTIMENTO FINANCEIRO EM COTAS DE FUNDOS DE INVESTIMENTO MULTIMERCADO,Multimercados Livre,API,03/06/2026
52304477000164,BTG,ALPHAKEY LONG SHORT FUNDO DE INVESTIMENTO FINANCEIRO EM COTAS DE FUNDOS DE INVESTIMENTO MULTIMERCADO,Multimercados Livre,API,03/06/2026
34172497000147,BTG,ARMOR AXE FUNDO DE INVESTIMENTO FINANCEIRO EM COTAS DE FUNDOS DE INVESTIMENTO MULTIMERCADO,Multimercados Livre,API,03/06/2026
44853229000144,BTG,AUDACITAS IQ FUNDO DE INVESTIMENTO FINANCEIRO MULTIMERCADO,Multimercados Livre,API,03/06/2026
17012208000123,BTG,AUGME 90 FUNDO DE INVESTIMENTO FINANCEIRO EM COTAS DE FUNDOS DE INVESTIMENTO MULTIMERCADO,Multimercados Livre,API,03/06/2026
36499625000197,BTG,AZ QUEST BAYES LONG BIASED SISTEMATICO FUNDO DE INVESTIMENTO MULTIMERCADO,Multimercados Livre,API,03/06/2026
36352498000107,BTG,AZ QUEST SUPRA FI EM COTAS DE FUNDO DE INVESTIMENTO FINANCEIRO MULTIMERCADO CRÉDITO PRIVADO,Multimercados Livre,API,03/06/2026
38376759000146,BTG,BRADESCO EQUITY HEDGE FI FINANCEIRO - CIC MULT - RESP LIMITADA,Multimercados Livre,API,03/06/2026
41266158000195,BTG,BTG AUTOINVEST SOFISTICADO FI FINANCEIRO EM COTAS DE FUNDOS DE INVESTIMENTO MULTIMERCADO,Multimercados Livre,API,03/06/2026
26623189000162,BTG,BTG MULTIGESTOR TOTAL RETURN FI FINANCEIRO EM COTAS DE FUNDOS DE INVESTIMENTO MULTIMERCADO,Multimercados Livre,API,03/06/2026
62074308000139,BTG,BTG MULTIGESTOR TOTAL RETURN RV FUNDO DE INVESTIMENTO FINANCEIRO MULTIMERCADO,Multimercados Livre,API,03/06/2026
33599991000120,BTG,BTG PACTUAL CREDITO CORPORATIVO PLUS FUNDO DE INVESTIMENTO FINANCEIRO MULTIMERCADO,Multimercados Livre,API,03/06/2026
57065769000105,BTG,BTG PACTUAL HEDGE PLUS FUNDO DE INVESTIMENTO FINANCEIRO MULTIMERCADO,Multimercados Livre,API,03/06/2026
40916758000199,BTG,BTG PACTUAL REFERENCE BITCOIN 20 FUNDO DE INVESTIMENTO FINANCEIRO MULTIMERCADO,Multimercados Livre,API,03/06/2026
36499594000174,BTG,BTG PACTUAL S&P 500 BRL FUNDO DE INVESTIMENTO MULTIMERCADO - RESPONSABILIDADE LIMITADA,Multimercados Livre,API,03/06/2026
63399183000180,BTG,BTG PACTUAL VOLT FUNDO DE INVESTIMENTO FINANCEIRO MULTIMERCADO,Multimercados Livre,API,03/06/2026
17816013000136,BTG,BTGP ACCESS GAVEA MACRO FI FINANCEIRO EM QUOTAS DE FUNDOS DE INVESTIMENTO MULTIMERCADO,Multimercados Livre,API,03/06/2026
17429959000140,BTG,BTGP ACCESS KAPITALO KAPPA FUNDO DE INVESTIMENTO FINANCEIRO EM COTAS DE FIM,Multimercados Livre,API,03/06/2026
23272391000107,BTG,CAPITÂNIA RADAR 90 FIF MULTIMERCADO CRÉDITO PRIVADO LONGO PRAZO - RESPONSABILIDADE LIMITADA,Multimercados Livre,API,03/06/2026
42562316000117,BTG,CITRINO GLOBAL FUNDO DE INVESTIMENTO MULTIMERCADO,Multimercados Livre,API,03/06/2026
41907541000185,BTG,CLAVE TOTAL RETURN FI FINANCEIRO EM COTAS DE FUNDOS DE INVESTIMENTO MULTIMERCADO ACCESS,Multimercados Livre,API,03/06/2026
42730699000195,BTG,CONCÓRDIA RACCOON FUNDO DE INVESTIMENTO FINANCEIRO EM COTAS DE FUNDOS DE INVESTIMENTO MULTIMERCADO,Multimercados Livre,API,03/06/2026
28856743000187,BTG,CONSTÂNCIA ABSOLUTO FIF - CLASSE DE INVESTIMENTO MULTIMERCADO - RESPONSABILIDADE LIMITADA,Multimercados Livre,API,03/06/2026
34702572000134,BTG,DAEMON NOUS GLOBAL FUNDO DE INVESTIMENTO EM COTAS DE FIF MULTI - RESPONSABILIDADE LIMITADA,Multimercados Livre,API,03/06/2026
57906153000110,BTG,DAHLIA EQUITY HEDGE FUNDO DE INVESTIMENTO EM COTAS DE FIF MULTIMERCADO - RESPONSABILIDADE LIMITADA,Multimercados Livre,API,03/06/2026
35432385000140,BTG,DAHLIA MACRO GLOBAL FIC FIF MULTIMERCADO - RESPONSABILIDADE LIMITADA,Multimercados Livre,API,03/06/2026
30317454000151,BTG,DAHLIA TOTAL RETURN FUNDO DE  INVESTIMENTO EM COTAS DE FIF MULTIMERCADO - RESPONSABILIDADE LIMITADA,Multimercados Livre,API,03/06/2026
30568854000130,BTG,EMPIRICUS CARTEIRA UNIVERSA FUNDO DE INVESTIMENTO FINANCEIRO MULTIMERCADO,Multimercados Livre,API,03/06/2026
36380409000128,BTG,EMPIRICUS CRIPTO METALS BLEND FI FINANCEIRO EM COTAS DE FUNDOS DE INVESTIMENTO MULTIMERCADO,Multimercados Livre,API,03/06/2026
57075941000101,BTG,EMPIRICUS ESSENTIAL CRYPTO FUNDO DE INVESTIMENTO MULTIMERCADO,Multimercados Livre,API,03/06/2026
42081209000177,BTG,EMPIRICUS FOF COMMODITIES FI FINANCEIRO EM COTAS DE FUNDOS DE INVESTIMENTO MULTIMERCADO,Multimercados Livre,API,03/06/2026
33952911000178,BTG,EMPIRICUS FOF MELHORES FUNDOS AÇÕES - FI FINANCEIRO EM COTAS DE FI MULTIMERCADO,Multimercados Livre,API,03/06/2026
30509286000104,BTG,EMPIRICUS FOF MELHORES FUNDOS MULT FI FINANCEIRO EM COTAS DE FI MULTIMERCADO,Multimercados Livre,API,03/06/2026
40190965000109,BTG,EMPIRICUS FOF MELHORES FUNDOS NOVAS IDEIAS FI FINANCEIRO EM COTAS DE FUNDOS DE INVEST MULTIMERCADO,Multimercados Livre,API,03/06/2026
40190995000115,BTG,EMPIRICUS FOF MELHORES FUNDOS RETORNO ABSOLUTO FI FINA EM COTAS DE FUNDOS DE INVEST MULTIMERCADO,Multimercados Livre,API,03/06/2026
47529572000126,BTG,EMPIRICUS MACRO SELECT FUNDO DE INVESTIMENTO MULTIMERCADO,Multimercados Livre,API,03/06/2026
33925149000130,BTG,EMPIRICUS OURO FUNDO DE INVESTIMENTO EM COTAS DE FUNDOS DE INVESTIMENTO MULTIMERCADO,Multimercados Livre,API,03/06/2026
40936530000160,BTG,EMPIRICUS PETRÓLEO FUNDO DE INVESTIMENTO FINANCEIRO MULTIMERCADO,Multimercados Livre,API,03/06/2026
37843177000160,BTG,EMPIRICUS PRATA FUNDO DE INVESTIMENTO FINANCEIRO MULTIMERCADO,Multimercados Livre,API,03/06/2026
35101822000143,BTG,EMPIRICUS UNIVERSA RIDER BLEND FUNDO DE INVESTIMENTO FINANCEIRO EM COTAS DE FI MULTIMERCADO,Multimercados Livre,API,03/06/2026
40503169000189,BTG,EMPIRICUS URÂNIO FUNDO DE INVESTIMENTO FINANCEIRO MULTIMERCADO,Multimercados Livre,API,03/06/2026
37487351000189,BTG,ENCORE LONG BIAS FUNDO DE INVESTIMENTO FINANCEIRO EM COTAS DE FUNDOS DE INVESTIMENTO MULTIMERCADO,Multimercados Livre,API,03/06/2026
34626199000180,BTG,ENTERCAPITAL TURING FI FINANCEIRO - CIC MULT - RESP LIMITADA,Multimercados Livre,API,03/06/2026
19628666000117,BTG,EXPLORITAS AMERICA LATINA FUNDO DE INVESTIMENTO FINANCEIRO EM COTAS DE FI MULTIMERCADO,Multimercados Livre,API,03/06/2026
36440431000116,BTG,GALAPAGOS EVOLUTION FUNDO DE INVESTIMENTO FINANCEIRO EM COTAS DE FUNDOS DE INVESTIMENTO MULTIMERCADO,Multimercados Livre,API,03/06/2026
37495383000126,BTG,GENOA CAPITAL ARPA FIF CIC MULTIMERCADO RESPONSABILIDADE LIMITADA,Multimercados Livre,API,03/06/2026
37287419000186,BTG,GENOA CAPITAL RADAR FI FINANCEIRO EM COTAS DE FUNDOS DE INVESTIMENTO MULTIMERCADO ACCESS,Multimercados Livre,API,03/06/2026
48997077000104,BTG,GENOA CAPITAL SAGRES I FIF CIC MULTIMERCADO RESPONSABILIDADE LIMITADA,Multimercados Livre,API,03/06/2026
28866524000189,BTG,GHT4 VECTOR FUNDO DE INVESTIMENTO FINANCEIRO EM COTAS DE FUNDOS DE INVESTIMENTO MULTIMERCADO,Multimercados Livre,API,03/06/2026
11052478000181,BTG,GIANT ZARATHUSTRA FUNDO DE INVESTIMENTO FINANCEIRO EM COTAS DE FUNDOS DE INVESTIMENTO MULTIMERCADO,Multimercados Livre,API,03/06/2026
24623392000103,BTG,GUEPARDO LONG BIAS RV FUNDO DE INVESTIMENTO MULTIMERCADO,Multimercados Livre,API,03/06/2026
17554200000199,BTG,IBIUNA LONG BIASED FIF - CLASSE DE INVESTIMENTO EM COTAS MULTIMERCADO - RESPONSABILIDADE LIMITADA,Multimercados Livre,API,03/06/2026
35637151000130,BTG,ICATU VANGUARDA IGARATÉ LONG BIASED FIF - CLASSE DE INVESTIMENTO MULTIMERCADO - RESP LIMITADA,Multimercados Livre,API,03/06/2026
35609382000130,BTG,ICATU VANGUARDA IPORÃ PG FIF CLASSE DE INVESTIMENTO MULTIMERCADO CRED PRIV - RESP LIMITADA,Multimercados Livre,API,03/06/2026
44983745000193,BTG,ITAÚ ARTAX DISTRIBUIDORES FIF DA CLASSE DE INVESTIMENTO EM COTAS MULTIMERCADO - RESP LIMITADA,Multimercados Livre,API,03/06/2026
59760144000199,BTG,ITAÚ ARTAX ENDURANCE DISTRIBUIDORES FUNDO DE INVESTIMENTO FINANCEIRO DA CIC MULT RESP LIMITADA,Multimercados Livre,API,03/06/2026
37567202000120,BTG,ITAÚ DISTRIBUIDORES HUNTER TOTAL RETURN FIF CIC MULT - RESP LIMITADA,Multimercados Livre,API,03/06/2026
57745690000125,BTG,ITAÚ DUAL ADVANCED DISTRIBUIDORES FUNDO DE INVESTIMENTO FINANCEIRO MULT CRÉD PRIV RESP LIMITADA,Multimercados Livre,API,03/06/2026
66406506000103,BTG,ITAÚ GLOBAL DINÂMICO BAIXA VOL DISTRIBUIDORES FIF CIC MULTIMERCADO RESP LIMITADA,Multimercados Livre,API,03/06/2026
52285727000166,BTG,ITAÚ JANEIRO DISTRIBUIDORES FIF DA CLASSE DE INV EM COTAS MULTIMERCADO - RESPONSABILIDADE LIMITADA,Multimercados Livre,API,03/06/2026
65265147000159,BTG,ITAÚ JANEIRO ONZE DISTRIBUIDORES FIF CIC MULTIMERCADO RESPONSABILIDADE LIMITADA,Multimercados Livre,API,03/06/2026
35727276000150,BTG,ITAÚ OPTIMUS TITAN DISTRIBUIDORES FIF CIC MULT - RESP LIMITADA,Multimercados Livre,API,03/06/2026
55347224000166,BTG,ITAÚ SINFONIA ALL DISTRIBUIDORES FIF CIC MULT CRÉD PRIV - RESP LIMITADA,Multimercados Livre,API,03/06/2026
55380290000138,BTG,ITAÚ SINFONIA DISTRIBUIDORES FIF - CIC MULTIMERCADO CRÉD PRIV RESP LIMITADA,Multimercados Livre,API,03/06/2026
30005655000113,BTG,JGP MAX PLATAFORMAS FI EM COTAS DE FUNDOS DE INVESTIMENTO FINANCEIRO MULTIMERCADO RESP LTDA,Multimercados Livre,API,03/06/2026
32300350000160,BTG,JGP STRATEGY FUNDO DE INVESTIMENTO FINANCEIRO EM COTAS DE FUNDOS DE INVESTIMENTO MULTIMERCADO ACCESS,Multimercados Livre,API,03/06/2026
14146496000110,BTG,KADIMA HIGH VOL FIC DE FUNDOS DE INVESTIMENTO FINANCEIRO MULTIMERCADO - RESPONSABILIDADE LIMITADA,Multimercados Livre,API,03/06/2026
26396708000105,BTG,KAPITALO NW3 PLUS FUNDO DE INVESTIMENTO FINANCEIRO EM COTAS DE FUNDOS DE INVESTIMENTO MULTIMERCADO,Multimercados Livre,API,03/06/2026
42831231000197,BTG,KAPITALO ZETA MERÍDIA FUNDO DE INVESTIMENTO EM COTAS DE FI FINANCEIRO MULTIMERCADO,Multimercados Livre,API,03/06/2026
52241587000124,BTG,KINEA NEPAL FIF MULT CRED PRIV - RESP LIMITADA,Multimercados Livre,API,03/06/2026
45653398000101,BTG,MANTARO EQUITY HEDGE FUNDO DE INVESTIMENTO FINANCEIRO MULTIMERCADO,Multimercados Livre,API,03/06/2026
40141547000121,BTG,MORE TOTAL RETURN FI FINANCEIRO MULTIMERCADO,Multimercados Livre,API,03/06/2026
26680221000141,BTG,NAVI LONG BIASED FIF - CLASSE DE INVESTIMENTO EM  COTAS MULTIMERCADO  - RESP LIMITADA,Multimercados Livre,API,03/06/2026
45123847000100,BTG,NORD MELHORES FUNDOS FOF MM FI FINANCEIRO EM COTAS DE FUNDOS DE INVESTIMENTO MULTIMERCADO,Multimercados Livre,API,03/06/2026
57660583000102,BTG,NORTE EQUITY HEDGE FUNDO DE INVESTIMENTO FINANCEIRO EM COTAS DE FUNDOS DE INVESTIMENTO MULTIMERCADO,Multimercados Livre,API,03/06/2026
37467515000106,BTG,NORTE LONG BIAS CIC DE CLASSE DE INVESTIMENTO EM MULTIMERCADO - RESP LIMITADA,Multimercados Livre,API,03/06/2026
45443993000104,BTG,NOVUS CRÉDITO HIGH GRADE FUNDO DE INVESTIMENTO MULTIMERCADO LONGO PRAZO,Multimercados Livre,API,03/06/2026
47729527000115,BTG,OBY IBIRA CRÉDITO 30 FI FINANCEIRO EM COTAS DE FUNDOS DE INVESTIMENTO MULTIMERCADO,Multimercados Livre,API,03/06/2026
15578417000103,BTG,OCCAM INSTITUCIONAL FIC DE FI FINANCEIRO MULTIMERCADO II - RESPONSABILIDADE LIMITADA,Multimercados Livre,API,03/06/2026
35342982000184,BTG,OCCAM RETORNO ABSOLUTO ACCESS FUNDO DE INVESTIMENTO FINANCEIRO EM COTAS DE FI MULTIMERCADO,Multimercados Livre,API,03/06/2026
31594537000150,BTG,PARCITAS HEDGE FIC DE FIF MULTI - RESPONSABILIDADE LIMITADA,Multimercados Livre,API,03/06/2026
38954217000103,BTG,PATRIA LONG BIASED FUNDO DE INVESTIMENTO FINANCEIRO EM COTAS DE FUNDOS DE INVESTIMENTO MULTIMERCADO,Multimercados Livre,API,03/06/2026
27347332000101,BTG,POLO LONG BIAS I FIC DE FIF MULTIMERCADO - RESPONSABILIDADE LIMITADA,Multimercados Livre,API,03/06/2026
31416575000113,BTG,PRINCIPAL CLARITAS QUANT FI FINANCEIRO EM COTAS DE FUNDOS DE INVESTIMENTO MULTIMERCADO,Multimercados Livre,API,03/06/2026
28911549000157,BTG,REAL INVESTOR FIC DE FUNDO DE INVESTIMENTO FINANCEIRO MULTIMERCADO - RESPONSABILIDADE LIMITADA,Multimercados Livre,API,03/06/2026
46962243000101,BTG,RIZA TAVROS LONG BIAS FI FINANCEIRO EM COTAS DE FUNDOS DE INVESTIMENTO MULTIMERCADO,Multimercados Livre,API,03/06/2026
43214564000130,BTG,RYO LONG BIASED ACCESS FUNDO DE INVESTIMENTO FINANCEIRO EM COTAS DE FI MULTIMERCADO,Multimercados Livre,API,03/06/2026
23960625000109,BTG,SAFARI 30 FUNDO DE INVESTIMENTO FINANCEIRO EM COTAS DE FUNDOS DE INVESTIMENTO MULTIMERCADO II,Multimercados Livre,API,03/06/2026
18772290000157,BTG,SOLANA LONG AND SHORT FI FINANCEIRO EM COTAS DE FUNDOS DE INVESTIMENTO MULTIMERCADO,Multimercados Livre,API,03/06/2026
49861670000191,BTG,SPRINGS EQUITY HEDGE P FI FINANCEIRO EM COTAS DE FUNDOS DE INVESTIMENTO MULTIMERCADO,Multimercados Livre,API,03/06/2026
32773560000175,BTG,SULAMÉRICA LONG BIASED FUNDO DE INVESTIMENTO FINANCEIRO MULTIMERCADO DE RESPONSABILIDADE LIMITADA,Multimercados Livre,API,03/06/2026
34096196000181,BTG,TAVOLA ABSOLUTO II FUNDO DE INVESTIMENTO FINANCEIRO EM COTAS DE FUNDOS DE INVESTIMENTO MULTIMERCADO,Multimercados Livre,API,03/06/2026
45126753000186,BTG,TENAX TOTAL RETURN FIF DA CLASSE DE INVESTIMENTO EM COTAS MULTIMERCADO RESPONSABILIDADE LIMITADA,Multimercados Livre,API,03/06/2026
47032680000199,BTG,UJAY CASH FUNDO DE INVESTIMENTO MULTIMERCADO,Multimercados Livre,API,03/06/2026
13418910000130,BTG,UJAY HEDGE FUNDO DE INVESTIMENTO EM COTAS DE FUNDOS DE INVESTIMENTO MULTIMERCADO,Multimercados Livre,API,03/06/2026
39354762000121,BTG,V8 SPEEDWAY LONG SHORT FIC FIF MULTIMERCADO,Multimercados Livre,API,03/06/2026
45681874000190,BTG,VENICE RC ARSENALE FUNDO DE INVESTIMENTO MULTIMERCADO,Multimercados Livre,API,03/06/2026
47684408000193,BTG,VINLAND CRÉDITO FUNDO DE INVESTIMENTO FINANCEIRO DA CIC MULTIMERCADO CRÉDITO PRIVADO RESP LIMITADA,Multimercados Livre,API,03/06/2026
58650505000181,BTG,VINLAND LONG SHORT FUNDO DE INVESTIMENTO FINANCEIRO MULTIMERCADO RESPONSABILIDADE LIMITADA,Multimercados Livre,API,03/06/2026
54699701000190,BTG,VINLAND PLUS III FIF MULTIMERCADO DA CLASSE DE INVESTIMENTO EM COTAS RESP LIMITADA,Multimercados Livre,API,03/06/2026
58211682000161,BTG,WHG CASA HEDGE INSTITUCIONAL FIF CIC MULTIMERCADO RESP LIMITADA,Multimercados Livre,API,03/06/2026
18860059000115,BTG,ABSOLUTE HEDGE FUNDO DE INVESTIMENTO FINANCEIRO EM COTAS DE FUNDOS DE INVESTIMENTO MULTIMERCADO,Multimercados Macro,API,03/06/2026
29177012000178,BTG,ABSOLUTE VERTEX FI FINANCEIRO EM COTAS DE FUNDOS DE INVESTIMENTO MULTIMERCADO ACCESS,Multimercados Macro,API,03/06/2026
47545149000110,BTG,ACCESS VINLAND MACRO PLUS FUNDO DE INVESTIMENTO FINANCEIRO EM COTAS DE FI MULTIMERCADO,Multimercados Macro,API,03/06/2026
34774662000130,BTG,ACE CAPITAL FIF DA CLASSE DE INVESTIMENTO EM COTAS MULTIMERCADO RESPONSABILIDADE LIMITADA,Multimercados Macro,API,03/06/2026
24029438000160,BTG,ADAM MACRO II FI EM COTAS DE FUNDO DE INVESTIMENTO FINANCEIRO MULTIMERCADO RESP LTDA,Multimercados Macro,API,03/06/2026
44417227000102,BTG,ARCAH FUNDO DE INVESTIMENTO FINANCEIRO RENDA FIXA  - REFERENCIADA DI RESPONSABILIDADE LIMITADA,Multimercados Macro,API,03/06/2026
25307278000137,BTG,ASA GAUSS CLASSE DE INVESTIMENTO EM COTAS DE CLASSE DE INVESTIMENTO MULTIMERCADO RESP LIMITADA,Multimercados Macro,API,03/06/2026
26323079000185,BTG,AZ QUEST MULTI MAX FUNDO DE INVESTIMENTO EM COTAS DE FUNDOS DE INVESTIMENTO FINANCEIRO MULTIMERCADO,Multimercados Macro,API,03/06/2026
17087932000116,BTG,BAHIA AM MARAÚ FIF - CLASSE DE INVESTIMENTO EM COTAS MULTIMERCADO - RESP LIMITADA,Multimercados Macro,API,03/06/2026
26822047000124,BTG,BTGP ACCESS IBIUNA HEDGE STH FI FINANCEIRO EM COTAS DE FUNDOS DE INVESTIMENTO MULTIMERCADO,Multimercados Macro,API,03/06/2026
17408524000119,BTG,BTGP ACCESS SPX NIMITZ FI FINANCEIRO EM QUOTAS DE FUNDOS DE INVESTIMENTO MULTIMERCADO,Multimercados Macro,API,03/06/2026
35726908000161,BTG,CAPSTONE MACRO FUNDO DE INVESTIMENTO FINANCEIRO EM COTAS DE FUNDOS DE INVESTIMENTO MULTIMERCADO,Multimercados Macro,API,03/06/2026
20226378000115,BTG,CLAVE ALPHA MACRO ACCESS FI FINANCEIRO EM COTAS DE FUNDOS DE INVESTIMENTO MULTIMERCADO,Multimercados Macro,API,03/06/2026
29613915000154,BTG,FATOR MACRO FUNDO DE INVESTIMENTO FINANCEIRO EM COTAS DE FUNDOS DE INVESTIMENTO MULTIMERCADO,Multimercados Macro,API,03/06/2026
37887638000104,BTG,FORPUS MULTIESTRATÉGIA FI FINANCEIRO MULTIMERCADO LONGO PRAZO - RESPONSABILIDADE LIMITADA,Multimercados Macro,API,03/06/2026
12154412000165,BTG,IBIUNA HEDGE FIF - CLASSE DE INVESTIMENTO EM COTAS MULTIMERCADO - RESP LIMITADA,Multimercados Macro,API,03/06/2026
53643941000100,BTG,JUBARTE MIGRATION II FUNDO DE INVESTIMENTO EM COTAS DE FUNDOS DE INVESTIMENTO MULTIMERCADO,Multimercados Macro,API,03/06/2026
28558421000151,BTG,KAPITALO ALPHA GLOBAL FUNDO DE INVESTIMENTO FINANCEIRO EM COTAS DE FI MULTIMERCADO,Multimercados Macro,API,03/06/2026
63104903000132,BTG,KAPITALO STRATA LOW VOL FI FINANCEIRO EM COTAS DE FUNDOS DE INVESTIMENTO MULTIMERCADO,Multimercados Macro,API,03/06/2026
35088117000153,BTG,KAPITALO ZETA II FI FINANCEIRO EM COTAS DE FUNDOS DE INVESTIMENTO MULTIMERCADO ACCESS,Multimercados Macro,API,03/06/2026
34687633000131,BTG,KINEA APOLO FUNDO DE INVESTIMENTO FINANCEIRO MULTIMERCADO RESPONSABILIDADE LIMITADA,Multimercados Macro,API,03/06/2026
29762315000158,BTG,KINEA ATLAS II FUNDO DE INVESTIMENTO FINANCEIRO MULTIMERCADO RESPONSABILIDADE LIMITADA,Multimercados Macro,API,03/06/2026
21624757000126,BTG,KINEA CHRONOS FUNDO DE INVESTIMENTO FINANCEIRO MULTIMERCADO RESPONSABILIDADE LIMITADA,Multimercados Macro,API,03/06/2026
42731202000153,BTG,KÍNITRO 30 FUNDO DE INVESTIMENTO FINANCEIRO EM COTAS DE FUNDOS DE INVESTIMENTO MULTIMERCADO,Multimercados Macro,API,03/06/2026
30338679000194,BTG,LEGACY CAPITAL FI FINANCEIRO EM COTAS DE FUNDOS DE INVESTIMENTO MULTIMERCADO ACCESS,Multimercados Macro,API,03/06/2026
54087357000188,BTG,LEGACY CAPITAL V10 FUNDO DE INVESTIMENTO FINANCEIRO CIC MULT RESP LIMITADA,Multimercados Macro,API,03/06/2026
26324209000102,BTG,NEO PROVECTUS I FUNDO DE INVESTIMENTO FINANCEIRO DA CIC MULTIMERCADO RESP LIMITADA,Multimercados Macro,API,03/06/2026
14806166000104,BTG,NOVUS MACRO D5 FIF DA CLASSE DE INVESTIMENTO EM COTAS MULT RESP LIMITADA,Multimercados Macro,API,03/06/2026
14146726000141,BTG,NOVUS MACRO FUNDO DE INVESTIMENTO FINANCEIRO DA CLASSE DE INVESTIMENTO EM COTAS MULT RESP LIMITADA,Multimercados Macro,API,03/06/2026
43761750000199,BTG,PRINCIPAL CLARITAS LIQUIDEZ FI FINANCEIRO EM COTAS DE FUNDOS DE INVESTIMENTO MULTIMERCADO,Multimercados Macro,API,03/06/2026
22918359000185,BTG,QUANTITAS FUNDO DE INVESTIMENTO FINANCEIRO DA CIC MULTIMERCADO MALLORCA RESP LIMITADA,Multimercados Macro,API,03/06/2026
36015100000139,BTG,RIZA DAIKON FUNDO DE INVESTIMENTO FINANCEIRO EM COTAS DE FUNDOS DE INVESTIMENTO MULTIMERCADO,Multimercados Macro,API,03/06/2026
34431415000131,BTG,ROOT CAPITAL HIGH YIELD FIC DE FIF MULTIMERCADO CRÉDITO PRIVADO - RESPONSABILIDADE LIMITADA,Multimercados Macro,API,03/06/2026
46929855000100,BTG,RUBIK CICLOS FUNDO DE INVESTIMENTO EM COTAS DE FUNDOS DE INVESTIMENTO MULTIMERCADO,Multimercados Macro,API,03/06/2026
40716583000176,BTG,VERDE FUNDO DE INVESTIMENTO FINANCEIRO EM COTAS DE FUNDOS DE INVESTIMENTO MULTIMERCADO ACCESS,Multimercados Macro,API,03/06/2026
40127685000156,BTG,VINCI RETORNO REAL FI FINANCEIRO - CI MULT - RESP LIMITADA,Multimercados Macro,API,03/06/2026
29148660000104,BTG,VINLAND MACRO ACCESS FUNDO DE INVESTIMENTO FINANCEIRO EM COTAS DE FUNDOS DE INVESTIMENTO MULTIMERCAD,Multimercados Macro,API,03/06/2026
47212318000108,BTG,VINLAND MACRO PLUS P FIF CIC MULTIMERCADO RESP LIMITADA,Multimercados Macro,API,03/06/2026
41978534000174,BTG,WHG RF DINÂMICO FIF DA CLASSE DE INVESTIMENTO EM COTAS MULTIMERCADO RESPONSABILIDADE LIMITADA,Multimercados Macro,API,03/06/2026
47612105000165,BTG,ACE CAPITAL MULTICENÁRIOS FIC DE FI FINANCEIRO MULTIMERCADO - RESPONSABILIDADE LIMITADA,Multimercados Trading,API,03/06/2026
54996800000133,BTG,PRINCIPAL CLARITAS DEBENTURES INCENTIVADAS RENDA FIXA CREDITO PRIVADO RESPONSABILIDADE LIMITADA,Previdência Multimercado Livre,API,03/06/2026
64201861000110,BTG,BTG PACTUAL CRÉDITO BANCÁRIO FUNDO DE INVESTIMENTO FINANCEIRO RENDA FIXA,Renda Fixa Duração Alta Crédito Livre,API,03/06/2026
26605199000175,BTG,CAPITÂNIA INFRA 30 FUNDO INCENTIVADO DE INVESTIMENTO FINANCEIRO EM INFRAESTRUTURA RENDA FIXA,Renda Fixa Duração Alta Crédito Livre,API,03/06/2026
34793170000192,BTG,ICATU VANGUARDA FIF - CLASSE INCENTIVADA DE INVESTIMENTO EM INFRA RENDA FIXA LP - RESP LIMITADA,Renda Fixa Duração Alta Crédito Livre,API,03/06/2026
31120420000135,BTG,JOURNEY CAPITAL ENDURANCE FUNDO INCENTIVADO DE INVESTIMENTO FINANCEIRO EM INFRAESTRUTURA RENDA FIXA,Renda Fixa Duração Alta Crédito Livre,API,03/06/2026
53857130000101,BTG,DAYCOVAL DEBENTURES INCENTIVADAS HEDGE FI INFRA RENDA FIXA,Renda Fixa Duração Alta Grau de Invest.,API,03/06/2026
19418031000195,BTG,ICATU VANGUARDA PRÉ-FIXADO FIF - CLASSE DE INVESTIMENTO RENDA FIXA LONGO PRAZO -RESP LIMITADA,Renda Fixa Duração Alta Grau de Invest.,API,03/06/2026
43778868000120,BTG,KAD IMAB FIC DE FI FINANCEIRO DE RENDA FIXA LONGO PRAZO - RESPONSABILIDADE LIMITADA,Renda Fixa Duração Alta Soberano,API,03/06/2026
57726577000100,BTG,ARX HEDGE II FIC DE FIF INVESTIMENTO EM INFRAESTRUTURA RENDA FIXA CRÉDITO PRIVADO RESP LIMITADA,Renda Fixa Duração Baixa Crédito Livre,API,03/06/2026
21185984000100,BTG,BNP PARIBAS RUBI CIC DE CLASSE DE INVESTIMENTO RENDA FIXA CRÉDITO PRIVADO RESPONSABILIDADE LIMITADA,Renda Fixa Duração Baixa Crédito Livre,API,03/06/2026
52282978000197,BTG,DRYS SHELTER FIC DE FI FINANCEIRO RENDA FIXA CRÉD PRIV LONGO PRAZO - RESPONSABILIDADE LIMITADA,Renda Fixa Duração Baixa Crédito Livre,API,03/06/2026
47612663000120,BTG,ABSOLUTE ATENAS P FUNDO DE INVESTIMENTO FINANCEIRO EM COTAS DE FUNDOS DE INVESTIMENTO RENDA FIXA,Renda Fixa Duração Baixa Grau de Invest.,API,03/06/2026
47628957000140,BTG,ABSOLUTE CRETA P FUNDO DE INVESTIMENTO EM COTAS DE FUNDOS DE INVESTIMENTO RENDA FIXA,Renda Fixa Duração Baixa Grau de Invest.,API,03/06/2026
52324414000170,BTG,ABSOLUTE DELFOS FI EM COTAS DE FUNDOS DE INVESTIMENTO RENDA FIXA LONGO PRAZO,Renda Fixa Duração Baixa Grau de Invest.,API,03/06/2026
47612737000129,BTG,ABSOLUTE HIDRA CDI FI EM COTAS DE FUNDOS INCENTIVADOS DE INVESTIMENTO EM INFRAESTRUTURA RENDA FIXA,Renda Fixa Duração Baixa Grau de Invest.,API,03/06/2026
63904226000137,BTG,ABSOLUTE HIDRA PRÉ 2 ANOS FIF EM COTAS DE FUNDOS INCENTIVADOS DE INVESTIMENTO EM INFRA RENDA FIXA,Renda Fixa Duração Baixa Grau de Invest.,API,03/06/2026
30921203000181,BTG,ARX DENALI FIC FIF RENDA FIXA CRÉDITO PRIVADO - RESPONSABILIDADE LIMITADA,Renda Fixa Duração Baixa Grau de Invest.,API,03/06/2026
32102131000176,BTG,ARX EVEREST FIC FIF RENDA FIXA CRÉDITO PRIVADO - RESPONSABILIDADE LIMITADA,Renda Fixa Duração Baixa Grau de Invest.,API,03/06/2026
52286231000107,BTG,ARX FUJI FIC DE FIF RENDA FIXA CRÉDITO PRIVADO - RESP LTDA,Renda Fixa Duração Baixa Grau de Invest.,API,03/06/2026
31159166000189,BTG,ARX VINSON FUNDO DE INVESTIMENTO FINANCEIRO EM COTAS DE FUNDOS DE INVESTIMENTO RENDA FIXA ACCESS,Renda Fixa Duração Baixa Grau de Invest.,API,03/06/2026
51293148000100,BTG,BRADESCO BANCOS II FI FINANCEIRO - CIC RF CRED PRIV - RESP LIMITADA,Renda Fixa Duração Baixa Grau de Invest.,API,03/06/2026
49983964000196,BTG,CLASSE ÚNICA DO WESTERN ASSET CRÉDITO BANCÁRIO PLUS FI FINANCEIRO RF CP RESP LIMITADA,Renda Fixa Duração Baixa Grau de Invest.,API,03/06/2026
35408329000170,BTG,COMPASS CREDIT SELECTION FUNDO DE INVESTIMENTO FINANCEIRO EM COTAS DE FUNDOS DE INVEST RENDA FIXA,Renda Fixa Duração Baixa Grau de Invest.,API,03/06/2026
29250121000173,BTG,DAYCOVAL CLASSIC 30 FUNDO DE INVESTIMENTO FINANCEIRO,Renda Fixa Duração Baixa Grau de Invest.,API,03/06/2026
10783480000168,BTG,DAYCOVAL CLASSIC FUNDO DE INVESTIMENTO EM COTAS DE FIF RENDA FIXA CRÉDITO PRIVADO,Renda Fixa Duração Baixa Grau de Invest.,API,03/06/2026
20879578000177,BTG,INTER CONSERVADOR FUNDO DE INVESTIMENTO FINANCEIRO RENDA FIXA CRÉDITO PRIVADO RESP LIMITADA,Renda Fixa Duração Baixa Grau de Invest.,API,03/06/2026
27826059000190,BTG,INTER PREMIUM FUNDO DE INVESTIMENTO FINANCEIRO RENDA FIXA CRÉDITO PRIVADO LONGO PRAZO RESP LIMITADA,Renda Fixa Duração Baixa Grau de Invest.,API,03/06/2026
41745741000189,BTG,ITAÚ PRIVILÈGE REFERENCIADO DI DISTRIBUIDORES FIF CIC RENDA FIXA - RESPONSABILIDADE LIMITADA,Renda Fixa Duração Baixa Grau de Invest.,API,03/06/2026
44211851000159,BTG,MAG FIF - CLASSE DE INVESTIMENTO RF  REFERENCIADA DI PREMIUM CRÉDITO PRIVADO - RESP  LIMITADA,Renda Fixa Duração Baixa Grau de Invest.,API,03/06/2026
18719154000101,BTG,PORTO SEGURO FUNDO DE INVESTIMENTO FINANCEIRO RENDA FIXA REFERENCIADO DI CRED PRIV RESP LIMITADA,Renda Fixa Duração Baixa Grau de Invest.,API,03/06/2026
35378376000119,BTG,PORTO SEGURO IPÊ FIF CIC RENDA FIXA CRÉD PRIV LONGO PRAZO RESP LIMITADA,Renda Fixa Duração Baixa Grau de Invest.,API,03/06/2026
12796232000187,BTG,SAFRA AGILITÉ FIF CLASSE DE INVESTIMENTO EM COTAS RENDA FIXA CRÉDITO PRIV RESPONSABILIDADE LIMITADA,Renda Fixa Duração Baixa Grau de Invest.,API,03/06/2026
11447124000136,BTG,SAFRA VITESSE FIF CLASSE DE INVESTIMENTO RENDA FIXA CRÉDITO PRIVADO RESPONSABILIDADE LIMITADA,Renda Fixa Duração Baixa Grau de Invest.,API,03/06/2026
12923387000137,BTG,SPARTA PREMIUM FIC FIF RENDA FIXA  - RESPONSABILIDADE LIMITADA,Renda Fixa Duração Baixa Grau de Invest.,API,03/06/2026
47715703000160,BTG,SULAMÉRICA PREMIUM PLUS FUNDO DE INVESTIMENTO FINANCEIRO RENDA FIXA REF DI CRED PRIV RESP LIMITADA,Renda Fixa Duração Baixa Grau de Invest.,API,03/06/2026
63446494000152,BTG,A1 D30 FIF DA CIC RENDA FIXA CRÉDITO PRIVADO LONGO PRAZO RESPONSABILIDADE LIMITADA,Renda Fixa Duração Livre Crédito Livre,API,03/06/2026
53847813000188,BTG,A1 FUNDO DE INVESTIMENTO FINANCEIRO DA CLASSE DE INVESTIMENTO EM COTAS RENDA FIXA LP - RESP LIMITADA,Renda Fixa Duração Livre Crédito Livre,API,03/06/2026
59591550000175,BTG,A1 INCENTIVADO FIF DA CIC  DE FUNDO INCENTIVADO EM INVEST EM DEB DE INFRA RF CRED PRIV RESP LIMITADA,Renda Fixa Duração Livre Crédito Livre,API,03/06/2026
57027655000170,BTG,ABSOLUTE HIDRA CDI PLUS P FI EM COTAS DE FUNDOS INCENTIVADOS DE INVESTIMENTO EM INFRA RENDA FIXA,Renda Fixa Duração Livre Crédito Livre,API,03/06/2026
63464761000114,BTG,ACCESS XP DEBÊNTURES INCENTIVADAS CDI FIF EM COTAS DE FUNDOS INCENTIVADOS DE INVEST EM INFRA RF,Renda Fixa Duração Livre Crédito Livre,API,03/06/2026
26434293000109,BTG,ASA INCOME CIC DE CLASSE DE INVESTIMENTO RENDA FIXA CRÉDITO PRIVADO - RESPONSABILIDADE LIMITADA,Renda Fixa Duração Livre Crédito Livre,API,03/06/2026
17627210000107,BTG,ATENA TAPYR FUNDO DE INVESTIMENTO FINANCEIRO EM COTAS DE FUNDOS DE INVESTIMENTO RENDA FIXA,Renda Fixa Duração Livre Crédito Livre,API,03/06/2026
31340838000158,BTG,ATENA YIELD D30 FUNDO DE INVESTIMENTO EM COTAS DE FUNDOS DE INVESTIMENTO FINANCEIRO RENDA FIXA,Renda Fixa Duração Livre Crédito Livre,API,03/06/2026
14237118000142,BTG,AUGME 30 FUNDO DE INVESTIMENTO FINANCEIRO EM COTAS DE FUNDOS DE INVESTIMENTO RENDA FIXA,Renda Fixa Duração Livre Crédito Livre,API,03/06/2026
52285852000176,BTG,AUGME 30 II FUNDO DE INVESTIMENTO FINANCEIRO RENDA FIXA CRÉDITO PRIVADO LONGO PRAZO - RESP LIMITADA,Renda Fixa Duração Livre Crédito Livre,API,03/06/2026
49598896000141,BTG,AUGME CLASSE DE INVESTIMENTO RENDA FIXA INCENTIVADO EM INFRAESTRUTURA - RESP LIMITADA,Renda Fixa Duração Livre Crédito Livre,API,03/06/2026
38443033000189,BTG,BNP PARIBAS INFRAESTRUTURA CDI CIC DE INVESTIMENTO RF SUSTENTÁVEL IS - RESP LIMITADA,Renda Fixa Duração Livre Crédito Livre,API,03/06/2026
55169240000106,BTG,BOCAINA INFRA 60 CDI FI EM COTAS DE FUNDOS INCENTIVADOS DE INVESTIMENTO EM INFRA RENDA FIXA,Renda Fixa Duração Livre Crédito Livre,API,03/06/2026
54829603000120,BTG,BRADESCO DEBÊNTURES INCENTIVADAS CDI II FIF CIC RF INCENTIVADO DE INV EM INFRA LP RESP LIMITADA,Renda Fixa Duração Livre Crédito Livre,API,03/06/2026
63437000000173,BTG,BRADESCO DEBÊNTURES INCENTIVADAS CDI III FIF - CIC RF DE INVESTIMENTO EM INFRA LP - RESP LIMITADA,Renda Fixa Duração Livre Crédito Livre,API,03/06/2026
54853464000170,BTG,BRADESCO DEBÊNTURES INCENTIVADAS INFLAÇÃO II FIF CIC RF INCENTIVADO INV EM INFRA LP  RESP LIMITADA,Renda Fixa Duração Livre Crédito Livre,API,03/06/2026
55315627000123,BTG,BRADESCO ULTRA II FIF - CIC RENDA FIXA CRÉDITO PRIVADO LONGO PRAZO - RESPONSABILIDADE LIMITADA,Renda Fixa Duração Livre Crédito Livre,API,03/06/2026
34109809000178,BTG,BRADESCO ZUPO FI FINANCEIRO - CIC RF CRED PRIV LP - RESP LIMITADA,Renda Fixa Duração Livre Crédito Livre,API,03/06/2026
54485055000168,BTG,BRAVE IRON FUNDO DE INVESTIMENTO RENDA FIXA,Renda Fixa Duração Livre Crédito Livre,API,03/06/2026
34096235000140,BTG,BTG PACTUAL CRED CORP INCENTIVADO IPCA FIF EM COTAS DE FFI DE INVESTIMENTO EM INFRA RENDA FIXA,Renda Fixa Duração Livre Crédito Livre,API,03/06/2026
42730970000192,BTG,BTG PACTUAL CREDITO CORPORATIVO ESG FUNDO DE INVESTIMENTO FINANCEIRO RENDA FIXA,Renda Fixa Duração Livre Crédito Livre,API,03/06/2026
30934757000113,BTG,BTG PACTUAL CREDITO CORPORATIVO INCENTIVADO CDI FIF EM COTAS DE FI DE INVESTIMENTO EM INFRA RF,Renda Fixa Duração Livre Crédito Livre,API,03/06/2026
14171644000157,BTG,BTG PACTUAL CRÉDITO CORPORATIVO I FI FINANCEIRO EM COTAS DE FUNDOS DE INVESTIMENTO RENDA FIXA,Renda Fixa Duração Livre Crédito Livre,API,03/06/2026
54952575000133,BTG,BTG PACTUAL CRÉDITO CORPORATIVO INCENTIVADAS PRÉ FUNDO INCENTIVADO DE INVESTIMENTO EM INFRA RF,Renda Fixa Duração Livre Crédito Livre,API,03/06/2026
44347394000124,BTG,BTG PACTUAL CRÉDITO CORPORATIVO IPCA FUNDO DE INVESTIMENTO FINANCEIRO RENDA FIXA,Renda Fixa Duração Livre Crédito Livre,API,03/06/2026
62438200000188,BTG,BTG PACTUAL CRÉDITO CORPORATIVO PLUS INCENTIVADO CDI FI DE INVESTIMENTO FINANCEIRO EM INFRA RF,Renda Fixa Duração Livre Crédito Livre,API,03/06/2026
51697128000197,BTG,BTG PACTUAL HEDGE FUNDO INCENTIVADO DE INVESTIMENTO FINANCEIRO EM INFRAESTRUTURA RENDA FIXA,Renda Fixa Duração Livre Crédito Livre,API,03/06/2026
54518783000129,BTG,BTG PACTUAL HEDGE II FUNDO INCENTIVADO DE INVESTIMENTO EM INFRAESTRUTURA RENDA FIXA,Renda Fixa Duração Livre Crédito Livre,API,03/06/2026
54517219000191,BTG,BTG PACTUAL TOTAL FUNDO INCENTIVADO DE INVESTIMENTO EM INFRAESTRUTURA RENDA FIXA,Renda Fixa Duração Livre Crédito Livre,API,03/06/2026
54952299000103,BTG,BTG PACTUAL TOTAL RENDA FIXA ATIVA FUNDO DE INVESTIMENTO RENDA FIXA LONGO PRAZO,Renda Fixa Duração Livre Crédito Livre,API,03/06/2026
40897658000162,BTG,BUTIÁ PLUS FUNDO DE INVESTIMENTO FINANCEIRO RENDA FIXA,Renda Fixa Duração Livre Crédito Livre,API,03/06/2026
63911193000152,BTG,CAIXA ASSET FLAG MAXI FIC DE CLASSE DE FIF RENDA FIXA CRÉDITO PRIVADO LONGO PRAZO - RESP LIMITADA,Renda Fixa Duração Livre Crédito Livre,API,03/06/2026
29983516000185,BTG,CLASSE ÚNICA DO WESTERN ASSET FI FINANCEIRO INCENTIVADO EM DEBÊNTURES DE INFRA  RF CP RESP LIMITADA,Renda Fixa Duração Livre Crédito Livre,API,03/06/2026
36318479000156,BTG,COMPASS YIELD 30 FUNDO DE INVESTIMENTO FINANCEIRO RENDA FIXA,Renda Fixa Duração Livre Crédito Livre,API,03/06/2026
53474080000183,BTG,DRYS DEBENTURES DE INFRAESTRUTURA FIC DE FIF RENDA FIXA INVEST CRÉD PRIV - RESPONSABILIDADE LIMITADA,Renda Fixa Duração Livre Crédito Livre,API,03/06/2026
43508491000199,BTG,EMPIRICUS ATRIUM ATIVO FIF RF FUNDO DE INVESTIMENTO FINANCEIRO RENDA FIXA,Renda Fixa Duração Livre Crédito Livre,API,03/06/2026
52901554000163,BTG,EMPIRICUS CASH YIELD FUNDO DE INVESTIMENTO FINANCEIRO RENDA FIXA,Renda Fixa Duração Livre Crédito Livre,API,03/06/2026
20584638000124,BTG,FATOR DEBÊNTURES INCENTIVADAS FUNDO DE INVESTIMENTO FINANCEIRO RENDA FIXA,Renda Fixa Duração Livre Crédito Livre,API,03/06/2026
42887856000170,BTG,GALAPAGOS IGUANA FUNDO DE INVESTIMENTO FINANCEIRO RENDA FIXA,Renda Fixa Duração Livre Crédito Livre,API,03/06/2026
58702918000162,BTG,HERITAGE RUBY FUNDO DE INVESTIMENTO EM COTAS DE FUNDO DE INVESTIMENTO FINANCEIRO RF INFRA CP RESP LI,Renda Fixa Duração Livre Crédito Livre,API,03/06/2026
63611704000110,BTG,IBIUNA CREDIT IPCA+ FIF - CI RF INCENTIVADO DE INVESTIMENTO EM INFRAESTRUTURA - RESP LIMITADA,Renda Fixa Duração Livre Crédito Livre,API,03/06/2026
54518925000158,BTG,IBIUNA CREDIT MASTER FIF - CI RF INCENTIVADO INVESTIMENTO EM INFRAESTRUTURA RESP LIMITADA,Renda Fixa Duração Livre Crédito Livre,API,03/06/2026
44917374000141,BTG,ICATU VANGUARDA LIQUIDEZ FIF- CLASSE DE INVESTIMENTO RF CRÉDITO PRIVADO LONGO PRAZO - RESP LIMITADA,Renda Fixa Duração Livre Crédito Livre,API,03/06/2026
42826922000100,BTG,ITAÚ ACTION DEB INCENTIVADAS DIST FIF CIC  DE FI DE INV EM INFRA RF CRÉD PRIV LP RESP LIMITADA,Renda Fixa Duração Livre Crédito Livre,API,03/06/2026
45512145000100,BTG,ITAÚ DEB INCENTIVADAS CDI FIF CIC FI DE INV EM INFRA DIST RF CRÉD PRIV RESP LIMITADA,Renda Fixa Duração Livre Crédito Livre,API,03/06/2026
45512169000169,BTG,ITAÚ DEBÊNTURES INCENTIVADAS FIF CIC DE FII EM INFRA DIST RF CRÉD PRIV RESP LIMITADA,Renda Fixa Duração Livre Crédito Livre,API,03/06/2026
61157628000190,BTG,ITAÚ JANEIRO INFRA DISTRIBUIDORES FIF FII EM DEB DE INFRA DA CIC RF CRÉD PRIV LP RESP LIMITADA,Renda Fixa Duração Livre Crédito Livre,API,03/06/2026
41594333000173,BTG,JGP DEB INCENT JUROS REAIS CLASSE DE INVEST EM COTAS DE FI FINANC INCENT DE INVEST EM INFRA RF - RL,Renda Fixa Duração Livre Crédito Livre,API,03/06/2026
54237051000160,BTG,JGP DEBÊNTURES INCENTIVADAS JUROS REAIS 60 FIF RENDA FIXA INVEST EM INFRA CRED PRIV RESP LIMITADA,Renda Fixa Duração Livre Crédito Livre,API,03/06/2026
27945264000174,BTG,KINEA ABSOLUTO FUNDO DE INVESTIMENTO FINANCEIRO RENDA FIXA LONGO PRAZO RESPONSABILIDADE LIMITADA,Renda Fixa Duração Livre Crédito Livre,API,03/06/2026
41993797000152,BTG,KINEA ANDES FIF DA CLASSE DE INVESTIMENTO EM COTAS RENDA FIXA CRÉD PRIV LONGO PRAZO RESP LIMITADA,Renda Fixa Duração Livre Crédito Livre,API,03/06/2026
47212331000159,BTG,KINEA DAKAR FUNDO DE INVESTIMENTO FINANCEIRO DA CIC RENDA FIXA LONGO PRAZO RESP LIMITADA,Renda Fixa Duração Livre Crédito Livre,API,03/06/2026
39586858000115,BTG,KINEA IPCA DINÂMICO II FUNDO DE INVESTIMENTO FINANCEIRO RENDA FIXA RESPONSABILIDADE LIMITADA,Renda Fixa Duração Livre Crédito Livre,API,03/06/2026
47699049000148,BTG,LEGACY CAPITAL COMPOUND FIF CIC FDO INCENTIVADO EM INV EM DEBÊNTURES DE INFRA IPCA RF CP RESP LTDA,Renda Fixa Duração Livre Crédito Livre,API,03/06/2026
50891130000130,BTG,LEGACY CAPITAL COMPOUND FIF INVESTIMENTO EM DEB DE INFRA CDI ATIVO RF CRED PRIV LP RESP LIMITADA,Renda Fixa Duração Livre Crédito Livre,API,03/06/2026
39958460000162,BTG,M8 CAPITAL PLUS FUNDO DE INVESTIMENTO FINANCEIRO RENDA FIXA,Renda Fixa Duração Livre Crédito Livre,API,03/06/2026
58481477000116,BTG,M8 YIELD FUNDO DE INVESTIMENTO RENDA FIXA REFERENCIADO,Renda Fixa Duração Livre Crédito Livre,API,03/06/2026
47046855000117,BTG,MAG CASH 10 FUNDO DE INVESTIMENTO RENDA FIXA,Renda Fixa Duração Livre Crédito Livre,API,03/06/2026
17899612000160,BTG,MAG CASH FUNDO DE INVESTIMENTO FINANCEIRO RENDA FIXA,Renda Fixa Duração Livre Crédito Livre,API,03/06/2026
23600995000127,BTG,MORE PREMIUM CRÉDITO CORPORATIVO FUNDO DE INVESTIMENTO RENDA FIXA LONGO PRAZO,Renda Fixa Duração Livre Crédito Livre,API,03/06/2026
54344616000109,BTG,OCCAM ATIVO 30 FIC DE FIF RENDA FIXA INVEST EM INFRA CRÉDITO PRIVADO RESPONSABILIDADE LIMITADA,Renda Fixa Duração Livre Crédito Livre,API,03/06/2026
47586648000155,BTG,OCCAM CRÉDITO CORPORATIVO 30 FIC DE FI FINANCEIRO RENDA FIXA - RESPONSABILIDADE LIMITADA,Renda Fixa Duração Livre Crédito Livre,API,03/06/2026
57813684000168,BTG,OCCAM FIF RENDA FIXA INVESTIMENTO EM INFRAESTRUTURA CDI 30 CREDITO PRIVADO RESPONSABILIDADE LIMITADA,Renda Fixa Duração Livre Crédito Livre,API,03/06/2026
60594084000160,BTG,OCCAM LIQUIDEZ BAIXA VOLATILIDADE FIC DE FIF RENDA FIXA CRÉDITO PRIVADO - RESPONSABILIDADE LIMITADA,Renda Fixa Duração Livre Crédito Livre,API,03/06/2026
46098897000139,BTG,OCCAM LIQUIDEZ FIC DE FI FINANCEIRO RENDA FIXA CRÉDITO PRIV - RESPONSABILIDADE LIMITADA,Renda Fixa Duração Livre Crédito Livre,API,03/06/2026
23970201000117,BTG,OURO PRETO REAL FUNDO DE INVESTIMENTO EM COTAS DE FUNDOS DE INVESTIMENTO RENDA FIXA LONGO PRAZO,Renda Fixa Duração Livre Crédito Livre,API,03/06/2026
18316558000146,BTG,PLURAL CRÉDITO CORPORATIVO II FIC DE FIF RENDA FIXA CRED PRIV LP - RESP LIMITADA,Renda Fixa Duração Livre Crédito Livre,API,03/06/2026
24623412000146,BTG,PLURAL DEBÊNTURES INCENTIVADAS 30 CRÉDITO PRIVADO FIF EM COTAS DE FIF RENDA FIXA - RL,Renda Fixa Duração Livre Crédito Livre,API,03/06/2026
57661754000100,BTG,POLO CRÉDITO CORPORATIVO FUNDO DE INVESTIMENTOS EM COTAS DE FI EM RENDA FIXA LONGO PRAZO,Renda Fixa Duração Livre Crédito Livre,API,03/06/2026
50037999000111,BTG,PORTO BAOBÁ FI EM COTAS DE FUNDOS INCENTIVADOS DE INVESTIMENTO EM INFRAESTRUTURA RENDA FIXA,Renda Fixa Duração Livre Crédito Livre,API,03/06/2026
59123735000155,BTG,PORTO PAINEIRA CDI FIF FUNDO INCENTIVADO EM INVESTIMENTO EM DEB DE INFRA RF CRÉD PRIV RESP LIMITADA,Renda Fixa Duração Livre Crédito Livre,API,03/06/2026
11447136000160,BTG,PRINCIPAL CLARITAS FUNDO DE INVESTIMENTO FINANCEIRO RENDA FIXA,Renda Fixa Duração Livre Crédito Livre,API,03/06/2026
23565840000105,BTG,RB CAPITAL FIC DE FUNDO INCENTIVADO DE INVESTIMENTO FINANCEIRO EM INFRA RENDA FIXA - RESP LTDA,Renda Fixa Duração Livre Crédito Livre,API,03/06/2026
48969198000142,BTG,RIZA ÉVORA DEB INCENTIVADAS JUROS ATIVOS FIF EM COTAS DE FI DE INVESTIMENTO EM INFRA RF,Renda Fixa Duração Livre Crédito Livre,API,03/06/2026
50038992000114,BTG,SPARTA DEB INC ESTRAT FUNDOS INCENTIVADOS DE INVEST FINANCEIRO EM INFRA RENDA FIXA - RESP LIMITADA,Renda Fixa Duração Livre Crédito Livre,API,03/06/2026
26759909000111,BTG,SPARTA DEB INC FIC DE FUNDOS INCENTIVADOS DE INVEST FINANCEIRO EM INFRAEST RENDA FIXA RESP LTDA,Renda Fixa Duração Livre Crédito Livre,API,03/06/2026
39959025000152,BTG,SPARTA DEB INC INFLAÇÃO FIC DE FUNDOS INCENT DE INVEST FINANCEIRO EM INFRAEST RENDA FIXA RESP LTDA,Renda Fixa Duração Livre Crédito Livre,API,03/06/2026
36352361000144,BTG,SPARTA DEBÊNTURES INCENTIVADAS 45 FIC FIF EM INFRAESTRUTURA RENDA FIXA - RESPONSABILIDADE LIMITADA,Renda Fixa Duração Livre Crédito Livre,API,03/06/2026
54426679000104,BTG,SPARTA RENDA FI FINANCEIRO INCENTIVADO EM INFRAESTRUTURA RENDA FIXA RESPONSABILIDADE LIMITADA,Renda Fixa Duração Livre Crédito Livre,API,03/06/2026
38026926000129,BTG,SPARTA TOP INFLAÇÃO FIC DE FIF RENDA FIXA CRÉD PRIV LONGO PRAZO - RESPONSABILIDADE LIMITADA,Renda Fixa Duração Livre Crédito Livre,API,03/06/2026
53109923000142,BTG,SPX SEAHAWK DEB INCENTIVADAS FIF CIC - INVESTIMENTO EM INFRA RF CRED PRIV LP - RESP LIMITADA,Renda Fixa Duração Livre Crédito Livre,API,03/06/2026
57660316000127,BTG,SPX SEAHAWK DEBÊNTURES INCENTIVADAS D45 FIF CIC INVESTIMENTO EM INFRA RF CRÉD PRIV LP RESP LIMITADA,Renda Fixa Duração Livre Crédito Livre,API,03/06/2026
63945358000107,BTG,SPX SEAHAWK DEBÊNTURES INCENTIVADAS IPCA FIF CIC INVESTIMENTO INFRA RF CRED PRIV LP RESP LIMITADA,Renda Fixa Duração Livre Crédito Livre,API,03/06/2026
35343590000130,BTG,SPX SEAHAWK FUNDO DE INVESTIMENTO FINANCEIRO EM COTAS DE FUNDOS DE INVESTIMENTO RENDA FIXA ACCESS,Renda Fixa Duração Livre Crédito Livre,API,03/06/2026
13823084000105,BTG,SUL AMÉRICA CRÉDITO ATIVO FIF RENDA FIXA CRÉD PRIV LONGO PRAZO DE RESP LIMITADA,Renda Fixa Duração Livre Crédito Livre,API,03/06/2026
22759995000101,BTG,SULAMÉRICA INFRA FIF INCENTIVADO DE INFRAESTRUTURA RENDA FIXA DE RESPONSABILIDADE LIMITADA,Renda Fixa Duração Livre Crédito Livre,API,03/06/2026
32485590000186,BTG,TIVIO PLUS FIF - CI RENDA FIXA INCENTIVADO INVESTIMENTO EM INFRAESTRUTURA - RESP LIMITADA,Renda Fixa Duração Livre Crédito Livre,API,03/06/2026
47409927000143,BTG,TROPICO CASH PLUS FUNDO DE INVESTIMENTO RENDA FIXA LONGO PRAZO,Renda Fixa Duração Livre Crédito Livre,API,03/06/2026
58398452000153,BTG,V8 MERCURY FUNDO DE INVESTIMENTO FINANCEIRO RENDA FIXA CRÉDITO PRIVADO LONGO PRAZO - RESP LIMITADA,Renda Fixa Duração Livre Crédito Livre,API,03/06/2026
10326625000100,BTG,VALORA ABSOLUTE FIF RENDA FIXA CRÉD PRIV LONGO PRAZO - RESPONSABILIDADE LIMITADA,Renda Fixa Duração Livre Crédito Livre,API,03/06/2026
61543507000186,BTG,VINLAND 2 FI INCENTIVADO EM DEB DE INFRA ATIVO FIF RF CRED PRIV LP RESPONSABILIDADE LIMITADA,Renda Fixa Duração Livre Crédito Livre,API,03/06/2026
53678015000170,BTG,VINLAND CRÉDITO 10 FUNDO DE INVESTIMENTO EM COTAS DE FUNDOS DE INVESTIMENTO RENDA FIXA,Renda Fixa Duração Livre Crédito Livre,API,03/06/2026
57075698000121,BTG,VINLAND FIF FUNDO INCENTIVADO EM INVESTIMENTO EM DEB DE INFRA IPCA RF CRED PRIV LP RESP LIMITADA,Renda Fixa Duração Livre Crédito Livre,API,03/06/2026
50862124000154,BTG,VINLAND FUNDO INCENTIVADO EM INVESTIMENTO EM DEB DE INFRA ATIVO FIF RF CRÉD PRIV LP  RESP LIMITADA,Renda Fixa Duração Livre Crédito Livre,API,03/06/2026
44977584000125,BTG,VOX DESENVOLVIMENTO SUSTENTÁVEL IS FUNDO DE INVESTIMENTO FINANCEIRO RENDA FIXA,Renda Fixa Duração Livre Crédito Livre,API,03/06/2026
49984055000172,BTG,WESTERN ASSET TOTAL CREDIT PLUS CI RENDA FIXA CRÉDITO PRIVADO - RESPONSABILIDADE LIMITADA,Renda Fixa Duração Livre Crédito Livre,API,03/06/2026
60606855000192,BTG,ABSOLUTE HIKER INFRA II FIF FUNDO INCENTIVADO EM INVEST DEB DE INFRA RF CRED PRIV LP RESP LIMITADA,Renda Fixa Duração Livre Grau de Invest.,API,03/06/2026
29044189000104,BTG,AF INVEST GERAES 30 FUNDO DE INVESTIMENTO FINANCEIRO RENDA FIXA,Renda Fixa Duração Livre Grau de Invest.,API,03/06/2026
30910199000156,BTG,ARX ELBRUS FIC DE FUNDO INCENTIVADO DE INVESTIMENTO FINANCEIRO EM INFRA RENDA FIXA - RESP LTDA,Renda Fixa Duração Livre Grau de Invest.,API,03/06/2026
37368116000198,BTG,ARX ELBRUS PRO FIC DE FUNDOS INCENTIVADOS DE INVEST FINANCEIRO EM INFRA RENDA FIXA - RESP LIMITADA,Renda Fixa Duração Livre Grau de Invest.,API,03/06/2026
23556185000110,BTG,AZ QUEST LUCE FIC DE FIF RENDA FIXA CRÉDITO PRIVADO LONGO PRAZO - RESPONSABILIDADE LIMITADA,Renda Fixa Duração Livre Grau de Invest.,API,03/06/2026
52279563000164,BTG,AZ QUEST LUCE II FIC DE FIF RENDA FIXA CRÉDITO PRIVADO LONGO PRAZO - RESPONSABILIDADE LIMITADA,Renda Fixa Duração Livre Grau de Invest.,API,03/06/2026
19782311000188,BTG,AZ QUEST VALORE FUNDO DE INVESTIMENTO FINANCEIRO RENDA FIXA CRÉDITO PRIVADO,Renda Fixa Duração Livre Grau de Invest.,API,03/06/2026
44315932000107,BTG,BB ASSET RENDA FIXA ATIVA PLUS LONGO PRAZO FIC FIF RESPONSABILIDADE LIMITADA,Renda Fixa Duração Livre Grau de Invest.,API,03/06/2026
32158410000151,BTG,BRADESCO ASSET FIF - CLASSE DE INVESTIMENTO EM COTAS RENDA FIXA REFERENCIADA DI - RESP LIMITADA,Renda Fixa Duração Livre Grau de Invest.,API,03/06/2026
16565016000181,BTG,BTG PACTUAL CDB I FUNDO DE INVESTIMENTO RENDA FIXA,Renda Fixa Duração Livre Grau de Invest.,API,03/06/2026
27717359000130,BTG,BTG PACTUAL CDB PLUS FUNDO DE INVESTIMENTO FINANCEIRO RENDA FIXA,Renda Fixa Duração Livre Grau de Invest.,API,03/06/2026
50877951000111,BTG,BTG PACTUAL CRÉDITO CORPORATIVO DINAMICO FI FINANCEIRO EM COTAS DE FUNDOS DE INVESTIMENTO RENDA FIXA,Renda Fixa Duração Livre Grau de Invest.,API,03/06/2026
11952873000110,BTG,BTG PACTUAL HEDGE SIGMA FUNDO DE INVESTIMENTO FINANCEIRO RENDA FIXA,Renda Fixa Duração Livre Grau de Invest.,API,03/06/2026
32295478000182,BTG,BTG PACTUAL YIELD PLUS FUNDO DE INVESTIMENTO FINANCEIRO EM COTAS DE FI RENDA FIXA,Renda Fixa Duração Livre Grau de Invest.,API,03/06/2026
22344843000148,BTG,BUTIÁ TOP FUNDO DE INVESTIMENTO FINANCEIRO EM COTAS DE FUNDOS DE INVESTIMENTO RENDA FIXA,Renda Fixa Duração Livre Grau de Invest.,API,03/06/2026
59079948000127,BTG,DAYCOVAL TOP JUROS ATIVO FUNDO DE INVESTIMENTO FINANCEIRO,Renda Fixa Duração Livre Grau de Invest.,API,03/06/2026
46063296000190,BTG,EMPIRICUS INFLAÇÃO CURTA FUNDO DE INVESTIMENTO FINANCEIRO RENDA FIXA,Renda Fixa Duração Livre Grau de Invest.,API,03/06/2026
47610970000172,BTG,GALAPAGOS ALBATROZ FUNDO DE INVESTIMENTO FINANCEIRO RENDA FIXA,Renda Fixa Duração Livre Grau de Invest.,API,03/06/2026
26978438000132,BTG,IRIDIUM APOLLO FIF RENDA FIXA CRÉDITO PRIVADO LONGO PRAZO - RESPONSABILIDADE LIMITADA,Renda Fixa Duração Livre Grau de Invest.,API,03/06/2026
39773639000145,BTG,ITAÚ GLOBAL DINÂMICO DISTRIBUIDORES FIF CIC RF LONGO PRAZO - RESP LIMITADA,Renda Fixa Duração Livre Grau de Invest.,API,03/06/2026
52342951000142,BTG,ITAÚ JANEIRO DISTRIBUIDORES FIF DA CLASSE DE INV EM COTAS RENDA FIXA LONGO PRAZO - RESP LIMITADA,Renda Fixa Duração Livre Grau de Invest.,API,03/06/2026
41993440000174,BTG,ITAÚ LEGEND DISTRIBUIDORES FIF DA CLASSE DE INVESTIMENTO EM COTAS RF LP - RESP LIMITADA,Renda Fixa Duração Livre Grau de Invest.,API,03/06/2026
32892819000105,BTG,ITAÚ OPTIMUS DISTRIBUIDORES FIF DA CLASSE DE INVESTIMENTO EM COTAS RF LP - RESP LIMITADA,Renda Fixa Duração Livre Grau de Invest.,API,03/06/2026
11435287000107,BTG,MAG FUNDO DE INVESTIMENTO FINANCEIRO - CLASSE DE  INVESTIMENTO RENDA FIXA - RESP LIMITADATA,Renda Fixa Duração Livre Grau de Invest.,API,03/06/2026
46442473000140,BTG,MERAKI HÓRUS FUNDO DE INVESTIMENTO FINANCEIRO RENDA FIXA,Renda Fixa Duração Livre Grau de Invest.,API,03/06/2026
31932715000106,BTG,NC EXCLUSIVE FIF CIC RENDA FIXA LONGO PRAZO RESPONSABILIDADE LIMITADA,Renda Fixa Duração Livre Grau de Invest.,API,03/06/2026
51197110000126,BTG,NIKOS DI PLUS REFERENCIADO DI FUNDO DE INVESTIMENTO EM RENDA FIXA LONGO PRAZO,Renda Fixa Duração Livre Grau de Invest.,API,03/06/2026
54484843000130,BTG,NOVUS FI EM COTAS DE FUNDOS INCENTIVADOS DE INVESTIMENTO EM INFRAESTRUTURA RENDA FIXA,Renda Fixa Duração Livre Grau de Invest.,API,03/06/2026
36017965000134,BTG,NU PERFORMANCE FUNDO DE INVESTIMENTO FINANCEIRO RENDA FIXA REFERENCIADO DI RESPONSABILIDADE LIMITADA,Renda Fixa Duração Livre Grau de Invest.,API,03/06/2026
54307808000145,BTG,OPPORTUNITY INCOME FIC DE FIF RENDA FIXA LONGO PRAZO - RESPONSABILIDADE LIMITADA,Renda Fixa Duração Livre Grau de Invest.,API,03/06/2026
58279975000180,BTG,REACH INFLAÇÃO ATIVA FUNDO DE INVESTIMENTO FINANCEIRO RENDA FIXA,Renda Fixa Duração Livre Grau de Invest.,API,03/06/2026
36498670000127,BTG,RIZA LOTUS FUNDO DE INVESTIMENTO FINANCEIRO RENDA FIXA,Renda Fixa Duração Livre Grau de Invest.,API,03/06/2026
10347493000194,BTG,TIVIO BANKS RENDA FIXA CRÉDITO PRIVADO FUNDO DE INVESTIMENTO FINANCEIRO - RESPONSABILIDADE LIMITADA,Renda Fixa Duração Livre Grau de Invest.,API,03/06/2026
34687428000176,BTG,VINLAND FIF CIC RENDA FIXA LONGO PRAZO RESPONSABILIDADE LIMITADA,Renda Fixa Duração Livre Grau de Invest.,API,03/06/2026
20374752000120,BTG,BTG PACTUAL TESOURO IPCA LONGO FUNDO DE INVESTIMENTO RENDA FIXA,Renda Fixa Duração Livre Soberano,API,03/06/2026
43140671000160,BTG,BTG PACTUAL TESOURO PRE FIXADO FUNDO DE INVESTIMENTO FINANCEIRO RENDA FIXA,Renda Fixa Duração Livre Soberano,API,03/06/2026
57829025000110,BTG,IBIUNA RF ATIVO INST MASTER FUNDO DE INVESTIMENTO FINANCEIRO RENDA FIXA - RESPONSABILIDADE LIMITADA,Renda Fixa Duração Livre Soberano,API,03/06/2026
58237182000107,BTG,NU IPCA DINÂMICO RENDA FIXA FUNDO DE INVESTIMENTO FINANCEIRO EM COTAS DE FUNDOS DE INVESTIMENTO,Renda Fixa Duração Livre Soberano,API,03/06/2026
23502654000119,BTG,SULAMÉRICA RETORNO TOTAL FUNDO DE INVESTIMENTO FINANCEIRO RENDA FIXA LONGO PRAZO DE RESPONSABILIDADE,Renda Fixa Duração Livre Soberano,API,03/06/2026
20146294000171,BTG,CAPITÂNIA PREMIUM 45 FIC DE FIF RENDA FIXA CRÉDITO PRIVADO LONGO PRAZO - RESPONSABILIDADE LIMITADA,Renda Fixa Duração Média Crédito Livre,API,03/06/2026
13615411000133,BTG,CAPITÂNIA TOP CRÉDITO PRIVADO FIC DE FI FINANCEIRO RENDA FIXA - RESPONSABILIDADE LIMITADA,Renda Fixa Duração Média Crédito Livre,API,03/06/2026
44643192000120,BTG,SPARTA MAX 60 FIC DE FI FINANCEIRO RENDA FIXA CRÉDITO PRIV LONGO PRAZO - RESPONSABILIDADE LIMITADA,Renda Fixa Duração Média Crédito Livre,API,03/06/2026
26773148000152,BTG,SPARTA MAX FIC FIF RF CRÉDITO PRIVADO LONGO PRAZO - RESPONSABILIDADE LIMITADA,Renda Fixa Duração Média Crédito Livre,API,03/06/2026
22681798000117,BTG,AZ QUEST TERMO FUNDO DE INVESTIMENTO FINANCEIRO RENDA FIXA LONGO PRAZO,Renda Fixa Duração Média Grau de Invest.,API,03/06/2026
58341429000122,BTG,BB ASSET RENDA FIXA LONGO PRAZO HIGH FUNDO DE INVESTIMENTO EM COTAS DE FIF RESPONSABILIDADE LIMITADA,Renda Fixa Duração Média Grau de Invest.,API,03/06/2026
58939722000196,BTG,ITAÚ CRÉDITO BANCÁRIO RF DISTRIBUIDORES FIF DA CIC RENDA FIXA CRÉDITO PRIVADO RESP LIMITADA,Renda Fixa Duração Média Grau de Invest.,API,03/06/2026
14188162000100,BTG,SPARTA TOP FIC DE FIF RENDA FIXA CRÉDITO PRIVADO LONGO PRAZO - RESPONSABILIDADE LIMITADA,Renda Fixa Duração Média Grau de Invest.,API,03/06/2026
42774627000140,BTG,V8 CASH PLATINUM CIC DE CLASSE DE INVESTIMENTO RENDA FIXA CRÉDITO PRIVADO - RESP LIMITADA,Renda Fixa Duração Média Grau de Invest.,API,03/06/2026
13060032000124,BTG,TIVIO IRF-M 1+ FIF - CLASSE DE INVESTIMENTO EM COTAS RENDA FIXA LONGO PRAZO - RESP LIMITADA,Renda Fixa Indexados,API,03/06/2026
33824820000157,BTG,BB ASSET RF LONGO PRAZO BONDS GLOBAIS HEDGE CRED PRIV INVESTIMENTO NO EXTERIOR FIC FIF RESP LIMITADA,Renda Fixa Invest. no Exterior,API,03/06/2026
29562673000117,BTG,BTG PACTUAL DIGITAL TESOURO SELIC SIMPLES FUNDO DE INVESTIMENTO FINANCEIRO RENDA FIXA,Renda Fixa Simples,API,03/06/2026
35816893000122,BTG,EMPIRICUS SELIC FUNDO DE INVESTIMENTO FINANCEIRO RENDA FIXA,Renda Fixa Simples,API,03/06/2026
45963889000140,BTG,NIKOS CASH FUNDO DE INVESTIMENTO RENDA FIXA SIMPLES LONGO PRAZO,Renda Fixa Simples,API,03/06/2026
04455632000109,XP,AZ Quest Multi FIC de FIF Multimercado,Multimercado,API,03/06/2026
09143318000104,XP,JGP Equity FIC FIF Multimercado RL,Multimercado,API,03/06/2026
05448587000110,XP,Opportunity Total FIC de FIF Multimercado,Multimercado,API,03/06/2026
07013315000112,XP,Polo Norte I LS FIC FIF Multimercado RL,Multimercado,API,03/06/2026
07279819000189,XP,Sharp Long Short 3A FIM RL,Multimercado,API,03/06/2026
05024659000100,XP,Western Asset Multitrading H Multimercado FI,Multimercado,API,03/06/2026
34370777000160,XP,AZ Quest Altro Advisory FIC de FIF Multimercado CP,Multimercados Dinâmico,API,03/06/2026
10320188000109,XP,AZ Quest Low Vol FIF Multimercado RL,Multimercados Dinâmico,API,03/06/2026
34799129000123,XP,BOCOM BBM Corporate Credit Plus FIF CIC MULT CP RL,Multimercados Dinâmico,API,03/06/2026
58327943000103,XP,Icatu Vanguarda Dinâmico CDI FIF Multimercado RL,Multimercados Dinâmico,API,03/06/2026
36498149000190,XP,Riza Meyenii 180 Advisory FIF de Cotas de FIM,Multimercados Dinâmico,API,03/06/2026
43508091000183,XP,Riza Meyenii 360 Advisory FIF de Cotas de FIM,Multimercados Dinâmico,API,03/06/2026
42405028000159,XP,Root Capital Crédito HG Plus FIC de FIF Multimercado CP RL,Multimercados Dinâmico,API,03/06/2026
34957512000162,XP,Selection RF High Yield FIC FIM CP LP,Multimercados Dinâmico,API,03/06/2026
61768641000185,XP,XP Alocação Conservadora FIM CP RL,Multimercados Dinâmico,API,03/06/2026
61769286000169,XP,XP Alocação Moderada FIM CP RL,Multimercados Dinâmico,API,03/06/2026
61770321000160,XP,XP Alocação Sofisticada FIM CP RL,Multimercados Dinâmico,API,03/06/2026
25213405000139,XP,AZ Quest Debêntures Incentivadas CP FIC de FIF Incentivado de Investimento em Infra RF,Multimercados Estrat. Específica,API,03/06/2026
29813769000100,XP,Absolute Alpha Global Advisory FIC de FIF Multimercado RL,Multimercados Estrat. Específica,API,03/06/2026
35617938000130,XP,Absolute Alpha Marb Advisory FIC de FIF Multimercado RL,Multimercados Estrat. Específica,API,03/06/2026
51112363000150,XP,Absolute Hidra IPCA FIC de FIF RF Investimento em Infra CP,Multimercados Estrat. Específica,API,03/06/2026
34218678000167,XP,Augme 180 FIC FIM CP,Multimercados Estrat. Específica,API,03/06/2026
21732670000172,XP,Capitânia Reit Institucional FIC de FIF Multimercado RL,Multimercados Estrat. Específica,API,03/06/2026
63435661000160,XP,Capitânia Reit Institucional II FIFM CP - RL,Multimercados Estrat. Específica,API,03/06/2026
33736845000107,XP,Hashdex 100 Nasdaq Crypto Index FIM RL - Subclasse Hashdex 100,Multimercados Estrat. Específica,API,03/06/2026
33736873000116,XP,Hashdex 20 Nasdaq Crypto Index FIF em Cotas de FIM,Multimercados Estrat. Específica,API,03/06/2026
35088108000162,XP,Hashdex 40 Nasdaq Crypto Index FIF em Cotas de FIM,Multimercados Estrat. Específica,API,03/06/2026
36986672000165,XP,Hashdex Bitcoin FIM RL,Multimercados Estrat. Específica,API,03/06/2026
44417355000156,XP,Hashdex Defi FIM,Multimercados Estrat. Específica,API,03/06/2026
44417431000123,XP,Hashdex Ethereum FIM,Multimercados Estrat. Específica,API,03/06/2026
45683300000150,XP,JGP Crédito Ecossistema 360 Advisory FIC de FIF Multimercado CP RL,Multimercados Estrat. Específica,API,03/06/2026
27928186000108,XP,Quantitas FIM Galápagos,Multimercados Estrat. Específica,API,03/06/2026
37069872000116,XP,SPX Seahawk Plus Advisory FIF CIC Multimercado CP RL,Multimercados Estrat. Específica,API,03/06/2026
18623722000168,XP,Safra Debêntures Incentivadas CP FIC FIM,Multimercados Estrat. Específica,API,03/06/2026
43105341000134,XP,Trend Bitcoin FIM RL,Multimercados Estrat. Específica,API,03/06/2026
40212817000148,XP,Trend Commodities FIM RL,Multimercados Estrat. Específica,API,03/06/2026
35609786000123,XP,Trend Ouro Dólar FIF Multi RL,Multimercados Estrat. Específica,API,03/06/2026
32319351000156,XP,Trend Tecnologia Americana FIM RL,Multimercados Estrat. Específica,API,03/06/2026
17453850000148,XP,Western Asset US Index 500 FIF,Multimercados Estrat. Específica,API,03/06/2026
26803233000116,XP,XP Debêntures Incentivadas CDI CP FIF Incentivado de Investimento em Infra RF RL,Multimercados Estrat. Específica,API,03/06/2026
35142453000137,XP,AXA WF US HIGH YIELD BONDS ADV FIC CI MULT CP IE RL,Multimercados Invest. no Exterior,API,03/06/2026
54886474000101,XP,Axa WF US Dynamic High Yield Bonds Classe FIC Classes FIM CP RL,Multimercados Invest. no Exterior,API,03/06/2026
49998473000119,XP,Azimut Allocation Balanced FIF CIC Multimercado RL,Multimercados Invest. no Exterior,API,03/06/2026
51835937000118,XP,Gama Pearl Diver Global Floating Income BRL FIC FIM IE RL,Multimercados Invest. no Exterior,API,03/06/2026
35744790000102,XP,Gama Schroder Gaia Contour Tech Equity LS BRL FIF CIC Multimercado IE RL,Multimercados Invest. no Exterior,API,03/06/2026
37405108000174,XP,Gama Wellington Schroder Gaia BRL FIF CIC Multimercado IE RL,Multimercados Invest. no Exterior,API,03/06/2026
40212940000169,XP,Hashdex Crypto Top Perfomers FIC de FIF Multimercado RL,Multimercados Invest. no Exterior,API,03/06/2026
40796008000120,XP,IP Value Hedge Advisory FIC de FIF Multimercado RL,Multimercados Invest. no Exterior,API,03/06/2026
24454718000116,XP,JPMorgan Dolar Global Macro Opportunities FIF Multimercado IE RL,Multimercados Invest. no Exterior,API,03/06/2026
29587389000103,XP,JPMorgan Global Bond FIC de FIF Multimercado IE Classe A RL,Multimercados Invest. no Exterior,API,03/06/2026
26112046000196,XP,JPMorgan Global Income FIC de FIF Multimercado IE Classe A RL,Multimercados Invest. no Exterior,API,03/06/2026
19821469000110,XP,JPMorgan Global Macro Opportunities FIC de FIF Multimercado IE Classe A RL,Multimercados Invest. no Exterior,API,03/06/2026
42084992000122,XP,MAG Global Bonds FIC FIM IE,Multimercados Invest. no Exterior,API,03/06/2026
57976053000160,XP,MS Emerging Markets Debt Opportunities CI Mult CP IE RL,Multimercados Invest. no Exterior,API,03/06/2026
32756019000159,XP,MS Global Fixed Income Advisory FIC FIM IE,Multimercados Invest. no Exterior,API,03/06/2026
32386581000138,XP,MS Risco Dinâmico Advisory FIC FIM IE,Multimercados Invest. no Exterior,API,03/06/2026
38049108000141,XP,Meraki Equity Hedge FIF em Cotas de FIM,Multimercados Invest. no Exterior,API,03/06/2026
39602877000198,XP,Nordea Alfa 10 Dolar Advisory FIC FIM IE,Multimercados Invest. no Exterior,API,03/06/2026
29853005000149,XP,Oaktree Global Credit BRL FIC FIM,Multimercados Invest. no Exterior,API,03/06/2026
38281467000120,XP,Oaktree Global Credit USD Advisory FIC FIM,Multimercados Invest. no Exterior,API,03/06/2026
61516572000112,XP,PDIVER - Gama Pearl Diver Crédito Estruturado Global FIM RL,Multimercados Invest. no Exterior,API,03/06/2026
61794417000168,XP,PDIVER II - Gama Pearl Diver Crédito Estruturado Global II F,Multimercados Invest. no Exterior,API,03/06/2026
17302010000184,XP,Principal Global High Yield FIF Multimercado,Multimercados Invest. no Exterior,API,03/06/2026
36046327000141,XP,Pátria Moneda Latam Corporate Credit FIC FIM CP Resp Limitada,Multimercados Invest. no Exterior,API,03/06/2026
41342497000103,XP,SPX Raptor 180 Advisory FIC FIM CP,Multimercados Invest. no Exterior,API,03/06/2026
35939801000100,XP,Selection Multimercado Internacional FIC FIM,Multimercados Invest. no Exterior,API,03/06/2026
39723347000106,XP,Systematica Blue Trend Advisory FIC FIM IE,Multimercados Invest. no Exterior,API,03/06/2026
40212899000120,XP,Trend Bolsas Emergentes FIM RL,Multimercados Invest. no Exterior,API,03/06/2026
37108062000121,XP,Trend ESG Global FIM IS RL,Multimercados Invest. no Exterior,API,03/06/2026
54890958000124,XP,Trend Fixed Income Us Target Duration FIFM IE,Multimercados Invest. no Exterior,API,03/06/2026
40212883000118,XP,Trend Nasdaq 100 FIM RL,Multimercados Invest. no Exterior,API,03/06/2026
57339074000174,XP,Vista Macro Absoluto FI Financeiro em Cotas de FIM RL,Multimercados Invest. no Exterior,API,03/06/2026
34081651000175,XP,XP Special Situations FIC FIM CP LP IE,Multimercados Invest. no Exterior,API,03/06/2026
37310657000165,XP,Ibiuna Credit FIF CIC Multimercado CP RL,Multimercados Juros e Moedas,API,03/06/2026
12440825000106,XP,Vinci Multiestratégia FIM,Multimercados Juros e Moedas,API,03/06/2026
13396703000122,XP,Vinci Valorem FIM,Multimercados Juros e Moedas,API,03/06/2026
32240069000189,XP,AZ Quest Advisory Total Return FIC FIF Multimercado,Multimercados L/S - Direcional,API,03/06/2026
46929688000190,XP,AZ Quest Bayes LS Sistemático FIF em Cotas de FIM,Multimercados L/S - Direcional,API,03/06/2026
40634864000180,XP,Apex Equity Hedge Advisory FIC FIF Multi RL,Multimercados L/S - Direcional,API,03/06/2026
27944406000189,XP,Claritas Long Short Advisory FIC FIM,Multimercados L/S - Direcional,API,03/06/2026
40920066000114,XP,Giant DAO Multifactor LB FIF em Cotas de FIM,Multimercados L/S - Direcional,API,03/06/2026
41326095000115,XP,Moat Capital Equity Hedge Advisory FIC FIM,Multimercados L/S - Direcional,API,03/06/2026
12430199000177,XP,Navi LS FIC FIM,Multimercados L/S - Direcional,API,03/06/2026
17164789000119,XP,Occam Long & Short Plus FIC FIF Multi RL,Multimercados L/S - Direcional,API,03/06/2026
35714550000157,XP,Occam Long Biased Advisory FIC FIF Multi RL,Multimercados L/S - Direcional,API,03/06/2026
26262363000199,XP,Truxt LS Advisory FIC FIM,Multimercados L/S - Direcional,API,03/06/2026
40575693000165,XP,Távola Equity Hedge 15 FIF Multimercado,Multimercados L/S - Direcional,API,03/06/2026
43761934000159,XP,XP Investor Equity Hedge FIC FIM RL,Multimercados L/S - Direcional,API,03/06/2026
29732926000153,XP,Ibiuna Long Short Advisory FIF CIC Multimercado RL,Multimercados L/S - Neutro,API,03/06/2026
38452175000102,XP,A1 Hedge Advisory FIC FIM,Multimercados Livre,API,03/06/2026
44025131000107,XP,AF Horizonte FIF Multimercado CP RL,Multimercados Livre,API,03/06/2026
36499625000197,XP,AZ Quest Bayes LB Sistemático FIF Multimercado,Multimercados Livre,API,03/06/2026
36352498000107,XP,AZ Quest Supra FIC FIF Multimercado CP,Multimercados Livre,API,03/06/2026
52304477000164,XP,AlphaKey LS FIF em Cotas FIM RL,Multimercados Livre,API,03/06/2026
33345956000184,XP,Apex Long Biased Advisory FIC FIF Multimercado RL,Multimercados Livre,API,03/06/2026
23732231000195,XP,Bahia AM Long Biased FIF CIC Multimercado RL,Multimercados Livre,API,03/06/2026
23272391000107,XP,Capitânia Radar 90 FIC de FIF Multimercado CP LP RL,Multimercados Livre,API,03/06/2026
47936719000100,XP,Compass High Yield 180 Advisory FIF em Cotas de FIM,Multimercados Livre,API,03/06/2026
35432385000140,XP,Dahlia Macro Global FIC de FIF Multimercado RL,Multimercados Livre,API,03/06/2026
34309551000153,XP,Dahlia Total Return Advisory FIC FIF Multi RL,Multimercados Livre,API,03/06/2026
37487500000100,XP,Encore LB Advisory FIC Multimercado RL,Multimercados Livre,API,03/06/2026
36017731000197,XP,Genoa Capital Radar Advisory CIC Multimercado RL,Multimercados Livre,API,03/06/2026
48997077000104,XP,Genoa Capital Sagres I FIF CIC Multimercado RL,Multimercados Livre,API,03/06/2026
41075713000100,XP,Giant Darius Advisory FIC de FIF Multimercado RL,Multimercados Livre,API,03/06/2026
34186116000189,XP,Giant Sigma Advisory FIC de FIF Multimercado RL,Multimercados Livre,API,03/06/2026
35940266000107,XP,Giant Zarathustra Advisory FIC de FIF Multimercado RL,Multimercados Livre,API,03/06/2026
32240637000141,XP,Gávea Macro Advisory FIF CIC Multimercado RL,Multimercados Livre,API,03/06/2026
17554200000199,XP,Ibiuna Long Biased FIF CIC Multi RL,Multimercados Livre,API,03/06/2026
52285727000166,XP,Itaú Janeiro Distribuidores FIF CIC Mult - Resp Limitada,Multimercados Livre,API,03/06/2026
35727276000150,XP,Itaú Optimus Titan Distribuidores FIF CIC Mult - Resp Limitada,Multimercados Livre,API,03/06/2026
55347224000166,XP,Itaú Sinfonia All Distribuidores FIF CIC Mult CP Resp Limita,Multimercados Livre,API,03/06/2026
28767162000179,XP,JGP Crédito Advisory FIF Multimercado CP RL,Multimercados Livre,API,03/06/2026
28648924000118,XP,JGP MAX Advisory FIC de FIF Multimercado RL,Multimercados Livre,API,03/06/2026
30190210000150,XP,JGP Strategy Advisory FIC FIF Multimercado RL,Multimercados Livre,API,03/06/2026
52204330000100,XP,Jive Dist & Spec Sits IV Adv Qual III FicFim CP - Modelo A,Multimercados Livre,API,03/06/2026
14146496000110,XP,Kadima High Vol FIC FIF Multi RL,Multimercados Livre,API,03/06/2026
26396708000105,XP,Kapitalo NW3 Plus FIF em Cotas de FIM,Multimercados Livre,API,03/06/2026
42831231000197,XP,Kapitalo Zeta Merídia FIC de FIM,Multimercados Livre,API,03/06/2026
45653398000101,XP,Mantaro Equity Hedge FIF Multimercado,Multimercados Livre,API,03/06/2026
17002861000101,XP,Mantaro LB FIF em Cotas de FIM,Multimercados Livre,API,03/06/2026
32397723000162,XP,Mar Absoluto FIF em Cotas de FIM,Multimercados Livre,API,03/06/2026
31392336000170,XP,Moat Capital Total Return Advisory FIF CIC Multimercado RL,Multimercados Livre,API,03/06/2026
26680221000141,XP,Navi Long Biased FIC FIM,Multimercados Livre,API,03/06/2026
64006995000180,XP,Nest Falcon FIF Mult - RL,Multimercados Livre,API,03/06/2026
57660583000102,XP,Norte Equity Hedge FIF em Cotas de FIM RL,Multimercados Livre,API,03/06/2026
37467515000106,XP,Norte LB CIC de CIM RL,Multimercados Livre,API,03/06/2026
45443993000104,XP,Novus Credito High Grade FIM LP,Multimercados Livre,API,03/06/2026
38267707000131,XP,Occam Equity Hedge Advisory FIC FIF Multi RL,Multimercados Livre,API,03/06/2026
15578417000103,XP,Occam Institucional FIC FIF Multi II RL,Multimercados Livre,API,03/06/2026
34475592000110,XP,Occam Retorno Absoluto Advisory FIC FIF Multi - RL,Multimercados Livre,API,03/06/2026
33401080000146,XP,Oceana Long Biased Advisory FIC FIM,Multimercados Livre,API,03/06/2026
43164438000118,XP,Polo Crédito Estruturado 90 FIF em Cotas de FIM,Multimercados Livre,API,03/06/2026
23601467000192,XP,Polo Total Credit FIC FIF Multimercado CP RL,Multimercados Livre,API,03/06/2026
31416575000113,XP,Principal Claritas Quant FIC FIM,Multimercados Livre,API,03/06/2026
41153236000145,XP,RPS Total Return Advisory D30 FIF em Cotas de FIM,Multimercados Livre,API,03/06/2026
28911549000157,XP,Real Investor FIC de FIF Multimercado RL,Multimercados Livre,API,03/06/2026
46962243000101,XP,Riza Tavros LB FIF em Cotas de FIM,Multimercados Livre,API,03/06/2026
23960625000109,XP,Safari 30 FIF em Cotas de FIM II,Multimercados Livre,API,03/06/2026
32889197000158,XP,Selection Debêntures Incentivadas FIC FIM CP,Multimercados Livre,API,03/06/2026
24582449000173,XP,Selection Multimercado FIC FIM,Multimercados Livre,API,03/06/2026
30518346000147,XP,Selection Multimercado Plus FIC FIM,Multimercados Livre,API,03/06/2026
36326889000149,XP,Sharp Long Short 2X Advisory FIF em Cotas de FIF Multimercado,Multimercados Livre,API,03/06/2026
18772290000157,XP,Solana Long Short FIF em Cotas FIM,Multimercados Livre,API,03/06/2026
34096201000156,XP,Tavola Absoluto Advisory FIC de FIM,Multimercados Livre,API,03/06/2026
63950605000163,XP,Trend Ethereum Dólar Classe de Investimento Multimercado RL,Multimercados Livre,API,03/06/2026
38597202000135,XP,Trend Euro FIM RL,Multimercados Livre,API,03/06/2026
22963439000152,XP,Trend Ouro FIF Multi RL,Multimercados Livre,API,03/06/2026
38027135000113,XP,Trend Prata FIM RL,Multimercados Livre,API,03/06/2026
30830162000118,XP,Truxt Long Bias Advisory FIC FIM,Multimercados Livre,API,03/06/2026
54026669000181,XP,Tríade CIC CLasses FIM CP Resp Limitada,Multimercados Livre,API,03/06/2026
39354762000121,XP,V8 Speedway Long Short FIF FIF Multimercado,Multimercados Livre,API,03/06/2026
24140275000199,XP,VRB FIM,Multimercados Livre,API,03/06/2026
24572582000149,XP,Vinci Atlas FIC FIM,Multimercados Livre,API,03/06/2026
35636909000115,XP,Vinci Total Return FIC FIM,Multimercados Livre,API,03/06/2026
47684408000193,XP,Vinland Crédito Multimercado FIC FI CP,Multimercados Livre,API,03/06/2026
28581039000169,XP,Vinland Long Bias Advisory FIC FIM,Multimercados Livre,API,03/06/2026
54699701000190,XP,Vinland PLUS III FIF Multimercado RL,Multimercados Livre,API,03/06/2026
30057258000195,XP,Vista Hedge FIF em Cotas de FIM,Multimercados Livre,API,03/06/2026
40920005000157,XP,Vista Multiestratégia Advisory FIF em Cotas FIM RL,Multimercados Livre,API,03/06/2026
58211682000161,XP,WHG Casa Hedge Institucional FIF da CIC Multimercado RL,Multimercados Livre,API,03/06/2026
23999611000190,XP,XP Corporate Plus FIC FIF Multi CP RL,Multimercados Livre,API,03/06/2026
34774642000160,XP,ACE Capital Advisory FIF CIC Multi RL,Multimercados Macro,API,03/06/2026
25307278000137,XP,ASA Gauss,Multimercados Macro,API,03/06/2026
31608422000178,XP,ASA Hedge CIC CI Multimercado CP RL,Multimercados Macro,API,03/06/2026
26323079000185,XP,AZ Quest Multi Max FIC FIF Multimercado,Multimercados Macro,API,03/06/2026
18860059000115,XP,Absolute Hedge FIC de FIF Multimercado RL,Multimercados Macro,API,03/06/2026
28947266000165,XP,Absolute Vertex Advisory FIC FIF Multimercado RL,Multimercados Macro,API,03/06/2026
24078037000109,XP,Adam Macro Advisory FIC FIF Multimercado RL,Multimercados Macro,API,03/06/2026
32862354000131,XP,Bahia AM Advisory FIF CIC Multimercado RL,Multimercados Macro,API,03/06/2026
28747733000103,XP,Bahia AM Maraú Advisory FIF CIC Multimercado RL,Multimercados Macro,API,03/06/2026
41333093000153,XP,Bahia AM Mutá Advisory FIF CIC Multimercado RL,Multimercados Macro,API,03/06/2026
37887638000104,XP,Forpus Multiestratégia FIF Multimercado LP RL,Multimercados Macro,API,03/06/2026
12154412000165,XP,Ibiuna Hedge FIF FIM RL,Multimercados Macro,API,03/06/2026
30493349000173,XP,Ibiuna Hedge ST Advisory FIF CIC Multimercado RL,Multimercados Macro,API,03/06/2026
53643941000100,XP,Jubarte Migration II FIC FIM,Multimercados Macro,API,03/06/2026
28849694000155,XP,Kapitalo Alpha Global Advisory FIF em Cotas de FIM,Multimercados Macro,API,03/06/2026
33520968000106,XP,Kapitalo K10 Advisory FIF em Cotas de FIM,Multimercados Macro,API,03/06/2026
26978199000110,XP,Kapitalo Kappa Advisory FIF em Cotas de FIM,Multimercados Macro,API,03/06/2026
30521581000178,XP,Kapitalo Zeta Advisory FIF em Cotas de FIM,Multimercados Macro,API,03/06/2026
34687633000131,XP,Kinea Apolo FIF MM RL - Subclasse I,Multimercados Macro,API,03/06/2026
29762315000158,XP,Kinea Atlas II FIM RL - Subclasse I,Multimercados Macro,API,03/06/2026
21624757000126,XP,Kinea Chronos FIM RL - Subclasse I,Multimercados Macro,API,03/06/2026
42731202000153,XP,Kínitro 30 FIF em Cotas de FIM,Multimercados Macro,API,03/06/2026
30566221000192,XP,Legacy Capital Advisory FIC FIM RL,Multimercados Macro,API,03/06/2026
54087357000188,XP,Legacy Capital V10 FI Financeiro CIC Mult Resp Limitada,Multimercados Macro,API,03/06/2026
26324209000102,XP,Neo Provectus I FIC FIM,Multimercados Macro,API,03/06/2026
51102761000195,XP,Novus Plus FIF em Cotas de FIM,Multimercados Macro,API,03/06/2026
22918359000185,XP,Quantitas FIC FIM Mallorca,Multimercados Macro,API,03/06/2026
36436794000188,XP,Riza Daikon Advisory FIF em Cotas de FIM,Multimercados Macro,API,03/06/2026
34431610000161,XP,Root Capital High Yield Advisory FIC de FIF Multimercado CP RL,Multimercados Macro,API,03/06/2026
24193691000155,XP,SPX Nimitz Gripen Advisory FIC FIM,Multimercados Macro,API,03/06/2026
17797493000135,XP,SulAmérica Apollo FIM,Multimercados Macro,API,03/06/2026
12839769000187,XP,SulAmérica Evolution FI Multimercado,Multimercados Macro,API,03/06/2026
24048538000134,XP,Verde AM Scena Advisory FIC de FIF Multimercado RL,Multimercados Macro,API,03/06/2026
31403590000127,XP,Verde AM X60 Advisory FIC de FIF Multimercado RL,Multimercados Macro,API,03/06/2026
28581109000189,XP,Vinland Macro Advisory FIC FIM,Multimercados Macro,API,03/06/2026
41409831000107,XP,Vinland Macro Plus Advisory FIC FIM,Multimercados Macro,API,03/06/2026
41978534000174,XP,WHG RF Dinâmico FIC FIM,Multimercados Macro,API,03/06/2026
22003930000131,XP,XP Crédito Estruturado 120 FIC de FIF Multimercado CP RL,Multimercados Macro,API,03/06/2026
47612105000165,XP,ACE Capital Multicenários FC FIF MULT - RL,Multimercados Trading,API,03/06/2026
26605199000175,XP,Capitânia Infra 30 Incentivado Invest Financeiro em Infra RF,Renda Fixa Duração Alta Crédito Livre,API,03/06/2026
53799009000170,XP,Daycoval Classic Advisory FIC FI Financeiro Renda,Renda Fixa Duração Alta Crédito Livre,API,03/06/2026
34793170000192,XP,Icatu Vanguarda FIF Incentivado em Infraestrutura RF LP RL,Renda Fixa Duração Alta Crédito Livre,API,03/06/2026
31120420000135,XP,Journey Capital Endurance Incentivado FIF em Infra RF,Renda Fixa Duração Alta Crédito Livre,API,03/06/2026
62298816000109,XP,Occam Infra Sênior I RF FIC FI-Infra,Renda Fixa Duração Alta Crédito Livre,API,03/06/2026
19418031000195,XP,Icatu Vanguarda Pré-Fixado FIF CI RF LP RL,Renda Fixa Duração Alta Grau de Invest.,API,03/06/2026
14115118000170,XP,Mag Inflação Referenciado IMA-B FIRF FIF CIRF LP RL,Renda Fixa Duração Alta Grau de Invest.,API,03/06/2026
43778868000120,XP,Kad IMAB FIC FIF RF LP RL,Renda Fixa Duração Alta Soberano,API,03/06/2026
31145833000174,XP,Trend Inflação Curta FIRF LP RL,Renda Fixa Duração Alta Soberano,API,03/06/2026
21185984000100,XP,BNP Paribas Rubi FIF RF CP RL,Renda Fixa Duração Baixa Crédito Livre,API,03/06/2026
52282978000197,XP,Drys Shelter FIC FIF RF CP LP RL,Renda Fixa Duração Baixa Crédito Livre,API,03/06/2026
51253495000100,XP,Mapfre Confianza FIF RF Referenciado DI CP RL,Renda Fixa Duração Baixa Crédito Livre,API,03/06/2026
35789436000196,XP,ARX Everest Advisory FIC de FIF RF CP RL,Renda Fixa Duração Baixa Grau de Invest.,API,03/06/2026
52286231000107,XP,ARX Fuji FIC de FIF RF CP RL,Renda Fixa Duração Baixa Grau de Invest.,API,03/06/2026
48096589000108,XP,Absolute Atenas Advisory FIC FIF RF CP RL,Renda Fixa Duração Baixa Grau de Invest.,API,03/06/2026
48122126000165,XP,Absolute Creta Advisory FIF FIRF,Renda Fixa Duração Baixa Grau de Invest.,API,03/06/2026
41888219000156,XP,Arx Denali Advisory FIC de FIF RF CP RL,Renda Fixa Duração Baixa Grau de Invest.,API,03/06/2026
41888492000180,XP,Arx Vinson Advisory FIC de FIF RF CP RL,Renda Fixa Duração Baixa Grau de Invest.,API,03/06/2026
51293148000100,XP,Bradesco Bancos II FIF CIC RF CP RL,Renda Fixa Duração Baixa Grau de Invest.,API,03/06/2026
35408329000170,XP,Compass Credit Selection FIC de FIF RF CP LP RL,Renda Fixa Duração Baixa Grau de Invest.,API,03/06/2026
29250121000173,XP,Daycoval Classic 30 FIRF CP,Renda Fixa Duração Baixa Grau de Invest.,API,03/06/2026
55577828000107,XP,Fundo 24 Horas FIRF RL,Renda Fixa Duração Baixa Grau de Invest.,API,03/06/2026
20879578000177,XP,Inter Conservador FIF RF CP RL,Renda Fixa Duração Baixa Grau de Invest.,API,03/06/2026
44211851000159,XP,MAG FIRF Referenciado DI Premium CP,Renda Fixa Duração Baixa Grau de Invest.,API,03/06/2026
62604345000101,XP,Newave Crédito Infra30 FIF em Infra RF CP RL,Renda Fixa Duração Baixa Grau de Invest.,API,03/06/2026
11616354000181,XP,Plural Yield FIF RF Referenciado DI RL,Renda Fixa Duração Baixa Grau de Invest.,API,03/06/2026
18719154000101,XP,Porto Seguro FIRF Referenciado DI CP,Renda Fixa Duração Baixa Grau de Invest.,API,03/06/2026
35378376000119,XP,Porto Seguro Ipê RF FIC FI CP LP,Renda Fixa Duração Baixa Grau de Invest.,API,03/06/2026
12796232000187,XP,Safra Agilité FIRF CP,Renda Fixa Duração Baixa Grau de Invest.,API,03/06/2026
52242738000169,XP,Safra Extra Bancos Special FIC FIRF CP,Renda Fixa Duração Baixa Grau de Invest.,API,03/06/2026
11447124000136,XP,Safra Vitesse Classe de Investimento RF CP RL,Renda Fixa Duração Baixa Grau de Invest.,API,03/06/2026
12923387000137,XP,Sparta Premium FIC de FIF RF RL,Renda Fixa Duração Baixa Grau de Invest.,API,03/06/2026
24325096000126,XP,SulAmérica Premium FIRF Referenciado DI CP,Renda Fixa Duração Baixa Grau de Invest.,API,03/06/2026
47715703000160,XP,SulAmérica Premium Plus FIRF Referenciado DI CP,Renda Fixa Duração Baixa Grau de Invest.,API,03/06/2026
49983964000196,XP,Western Asset Crédito Bancário Plus FIF RF CP RL,Renda Fixa Duração Baixa Grau de Invest.,API,03/06/2026
28320756000137,XP,Western Asset Total Credit Advisory FIC de FIF RF CP,Renda Fixa Duração Baixa Grau de Invest.,API,03/06/2026
50088190000119,XP,XP Bancos FIC RF Referenciada DI CP RL,Renda Fixa Duração Baixa Grau de Invest.,API,03/06/2026
11046179000134,XP,XP Corporate Light FIRF CP LP,Renda Fixa Duração Baixa Grau de Invest.,API,03/06/2026
10843445000197,XP,XP Referenciado FIF RF Referenciado DI CP RL,Renda Fixa Duração Baixa Grau de Invest.,API,03/06/2026
41888464000163,XP,XP Termo FIC FIRF LP,Renda Fixa Duração Baixa Soberano,API,03/06/2026
57832914000136,XP,A1 CP High Grade FIF CIC RF CP RL,Renda Fixa Duração Livre Crédito Livre,API,03/06/2026
57027498000101,XP,Absolute Hidra CDI Plus Advisory FIC FI Infra RF CP RL,Renda Fixa Duração Livre Crédito Livre,API,03/06/2026
52297687000172,XP,Adam Renda Fixa Ativa Advisory FIC FIF RF LP RL,Renda Fixa Duração Livre Crédito Livre,API,03/06/2026
57134507000155,XP,Arx Infra Renda CDI FI Incentivado Infraestrutura RF CP RL,Renda Fixa Duração Livre Crédito Livre,API,03/06/2026
26434293000109,XP,Asa Income CIC de CIRF CP RL,Renda Fixa Duração Livre Crédito Livre,API,03/06/2026
17627210000107,XP,Atena Tapyr FIF em Cotas FIRF CP RL,Renda Fixa Duração Livre Crédito Livre,API,03/06/2026
31340838000158,XP,Atena Yield D30 FIC de FIF RF CP RL,Renda Fixa Duração Livre Crédito Livre,API,03/06/2026
30568495000110,XP,Augme 30 Advisory CIC RF CP LP RL,Renda Fixa Duração Livre Crédito Livre,API,03/06/2026
52285852000176,XP,Augme 30 II CIC de CIRF CP LP RL,Renda Fixa Duração Livre Crédito Livre,API,03/06/2026
49598896000141,XP,Augme CI RF Incentivado Infraestrutura RL,Renda Fixa Duração Livre Crédito Livre,API,03/06/2026
38443033000189,XP,BNP Paribas Infra FIF RF Sustentável IS RL,Renda Fixa Duração Livre Crédito Livre,API,03/06/2026
50098505000109,XP,BNP Paribas Match Plus 30 Advisory FIF RF CP LP RL,Renda Fixa Duração Livre Crédito Livre,API,03/06/2026
50109627000153,XP,BOCOM BBM Cash Enhanced FIF CIC RF CP RL,Renda Fixa Duração Livre Crédito Livre,API,03/06/2026
50094963000170,XP,BOCOM BBM Cash FIF CIC RF CP Ref DI RL,Renda Fixa Duração Livre Crédito Livre,API,03/06/2026
59904332000143,XP,BOCOM BBM Infra CDI FIF - CI RF Incentivado Infra RL,Renda Fixa Duração Livre Crédito Livre,API,03/06/2026
49996302000150,XP,Bocom BBM Corporate Credit II FIF RF CP RL,Renda Fixa Duração Livre Crédito Livre,API,03/06/2026
55315627000123,XP,Bradesco Ultra II FIF - CIC RF CP LP - RL,Renda Fixa Duração Livre Crédito Livre,API,03/06/2026
34109809000178,XP,Bradesco Zupo FIF CIC RF CP LP RL,Renda Fixa Duração Livre Crédito Livre,API,03/06/2026
54485055000168,XP,Brave Iron FIRF CP RL,Renda Fixa Duração Livre Crédito Livre,API,03/06/2026
52248139000152,XP,Capitânia Infra Renda 90 Incentivado Infraestrutura RF CP,Renda Fixa Duração Livre Crédito Livre,API,03/06/2026
36318479000156,XP,Compass Yield 30 FIF RF CP LP RL,Renda Fixa Duração Livre Crédito Livre,API,03/06/2026
57998318000120,XP,EXA Cash I FIRF DI RL,Renda Fixa Duração Livre Crédito Livre,API,03/06/2026
58943835000165,XP,Giant Cash FIRF LP,Renda Fixa Duração Livre Crédito Livre,API,03/06/2026
54518925000158,XP,Ibiuna Credit Debêntures Incentivadas Máster FI-Infra RF RL,Renda Fixa Duração Livre Crédito Livre,API,03/06/2026
28259415000101,XP,Iridium Pioneer Debêntures Incentivadas FI Infra RF RL ,Renda Fixa Duração Livre Crédito Livre,API,03/06/2026
32756812000158,XP,Iridium Titan Advisory FIC em FIF RF CP RL,Renda Fixa Duração Livre Crédito Livre,API,03/06/2026
45512169000169,XP,Itaú Debêntures Incentivadas FIF CIC em Infra RF CP RL,Renda Fixa Duração Livre Crédito Livre,API,03/06/2026
63179605000101,XP,JGP Debêntures CDI Advisory FIC FIF RF FI INFRA RL,Renda Fixa Duração Livre Crédito Livre,API,03/06/2026
54237051000160,XP,JGP Debêntures Incentivadas Juros Reais 60 FI Infra CP RL,Renda Fixa Duração Livre Crédito Livre,API,03/06/2026
41594333000173,XP,JGP Debêntures Incentivadas Juros Reais FIF Incentivado em Infra RF RL,Renda Fixa Duração Livre Crédito Livre,API,03/06/2026
34580935000106,XP,Journey Capital Endurance Debêntures Incentivadas Juros Reais Advisory FIF em Cotas de FI Infra RL,Renda Fixa Duração Livre Crédito Livre,API,03/06/2026
33150386000177,XP,Journey Capital Endurance Plus Advisory FIF em Cotas de Fundos Incentivados em Infra RF,Renda Fixa Duração Livre Crédito Livre,API,03/06/2026
41993797000152,XP,Kinea Andes FIF CIC RF CP LP RL - Subclasse I,Renda Fixa Duração Livre Crédito Livre,API,03/06/2026
47212331000159,XP,Kinea Dakar FIF CIC RF LP RL - Subclasse I,Renda Fixa Duração Livre Crédito Livre,API,03/06/2026
39586858000115,XP,Kinea IPCA Dinâmico II FIF RF RL - Subclasse II,Renda Fixa Duração Livre Crédito Livre,API,03/06/2026
53075427000115,XP,Kinea Incentivado RF CP LP FIF RL FI Deb Infra RL - Subclasse I,Renda Fixa Duração Livre Crédito Livre,API,03/06/2026
32990051000102,XP,Kinea Oportunidade FIF RF CP RL - Subclasse I,Renda Fixa Duração Livre Crédito Livre,API,03/06/2026
27945264000174,XP,Kinea RF Absoluto FIF RF LP RL - Subclasse I,Renda Fixa Duração Livre Crédito Livre,API,03/06/2026
54699979000167,XP,Legacy Capital Compound Advisory FIF CIC de Fundo de Incent Invest Deb Incent IPCA RF RL,Renda Fixa Duração Livre Crédito Livre,API,03/06/2026
50891130000130,XP,Legacy Capital Compound FIF DEB Infra CDI Ativo RF CP RL,Renda Fixa Duração Livre Crédito Livre,API,03/06/2026
39958460000162,XP,M8 Capital Plus FI RF CP RL LP,Renda Fixa Duração Livre Crédito Livre,API,03/06/2026
47046855000117,XP,MAG Cash 10 FIRF,Renda Fixa Duração Livre Crédito Livre,API,03/06/2026
50223269000105,XP,MAG High Grade FIF CI RF CP LP RL,Renda Fixa Duração Livre Crédito Livre,API,03/06/2026
17899612000160,XP,Mag Cash FIRF LP,Renda Fixa Duração Livre Crédito Livre,API,03/06/2026
50697486000137,XP,Mag High Grade Plus 30 FIF RF CP LP RL,Renda Fixa Duração Livre Crédito Livre,API,03/06/2026
43104966000181,XP,Oby Ágil FIRF RL,Renda Fixa Duração Livre Crédito Livre,API,03/06/2026
60594084000160,XP,Occam Baixa Volatilidade FIC FIF RF CP RL,Renda Fixa Duração Livre Crédito Livre,API,03/06/2026
47586648000155,XP,Occam Crédito Corporativo 30 FIC FIF RF CP LP RL,Renda Fixa Duração Livre Crédito Livre,API,03/06/2026
54344616000109,XP,Occam Infra Ativo 30 FIC FIF RF Investimento Infra CP RL,Renda Fixa Duração Livre Crédito Livre,API,03/06/2026
18316558000146,XP,Plural Crédito Corporativo II FIC de FIF RF CP LP RL,Renda Fixa Duração Livre Crédito Livre,API,03/06/2026
31455879000190,XP,Polo Crédito Corporativo Advisory FIC FIF RF CP LP RL,Renda Fixa Duração Livre Crédito Livre,API,03/06/2026
63953556000112,XP,Polo FI-Infra RF RL,Renda Fixa Duração Livre Crédito Livre,API,03/06/2026
11447136000160,XP,Principal Claritas FIF RF,Renda Fixa Duração Livre Crédito Livre,API,03/06/2026
48969198000142,XP,Riza Évora Debêntures Incentivadas Juros Ativos FIF em Cotas de FIRF,Renda Fixa Duração Livre Crédito Livre,API,03/06/2026
62280626000156,XP,Riza Évora Hedge Deb Incentivadas FIF-Infra RF RL,Renda Fixa Duração Livre Crédito Livre,API,03/06/2026
35648999000164,XP,SPX Seahawk Advisory FIC FIRF CP LP,Renda Fixa Duração Livre Crédito Livre,API,03/06/2026
53110230000170,XP,SPX Seahawk Deb Incentivadas Advisory FIF CIC Incentivado RL,Renda Fixa Duração Livre Crédito Livre,API,03/06/2026
57660316000127,XP,SPX Seahawk Debêntures Incentivadas D45 FIF CIC Infra RF CP LP RL,Renda Fixa Duração Livre Crédito Livre,API,03/06/2026
63945358000107,XP,SPX Seahawk Debêntures Incentivadas IPCA FIF CIC Invest Infr RL,Renda Fixa Duração Livre Crédito Livre,API,03/06/2026
24572219000123,XP,Selection RF Light FIC FIRF CP LP,Renda Fixa Duração Livre Crédito Livre,API,03/06/2026
36352361000144,XP,Sparta Debêntures Incentivadas 45 FIC de FIF Infra RF RL,Renda Fixa Duração Livre Crédito Livre,API,03/06/2026
26759909000111,XP,Sparta Debêntures Incentivadas FIC FIF-Infra RF RL,Renda Fixa Duração Livre Crédito Livre,API,03/06/2026
39959025000152,XP,Sparta Debêntures Incentivadas Inflação FIC de Fundos Incentivados de Investimento Financeiro,Renda Fixa Duração Livre Crédito Livre,API,03/06/2026
54426679000104,XP,Sparta Renda FIF Infra RF RL - Subclasse Condominal,Renda Fixa Duração Livre Crédito Livre,API,03/06/2026
38026926000129,XP,Sparta Top Inflação FIC FIF RF CP LP - Resp Limitada,Renda Fixa Duração Livre Crédito Livre,API,03/06/2026
13823084000105,XP,SulAmérica Crédito Ativo FIRF CP LP,Renda Fixa Duração Livre Crédito Livre,API,03/06/2026
33701828000126,XP,SulAmérica Crédito ESG FIRF CP LP IS,Renda Fixa Duração Livre Crédito Livre,API,03/06/2026
22759995000101,XP,SulAmérica INFRA FI INFRA RF,Renda Fixa Duração Livre Crédito Livre,API,03/06/2026
55763285000104,XP,Sulamérica Excellence Plus FIF RF CP RL,Renda Fixa Duração Livre Crédito Livre,API,03/06/2026
38026814000178,XP,Trend Inflação Longa FIF FIRF RL,Renda Fixa Duração Livre Crédito Livre,API,03/06/2026
10326625000100,XP,Valora Absolute FIF RF CP LP RL,Renda Fixa Duração Livre Crédito Livre,API,03/06/2026
61543507000186,XP,Vinland 2 Ativo Debêntures de Infra FI RF,Renda Fixa Duração Livre Crédito Livre,API,03/06/2026
53678015000170,XP,Vinland Crédito 10 FIC FIRF,Renda Fixa Duração Livre Crédito Livre,API,03/06/2026
50862124000154,XP,Vinland Incentivado Debêntures Infra Ativo FIF RF CP LP RL - Subclasse I,Renda Fixa Duração Livre Crédito Livre,API,03/06/2026
55035808000104,XP,Vivace CIC CI RF Infraestrutura Resp Limitada,Renda Fixa Duração Livre Crédito Livre,API,03/06/2026
49984055000172,XP,Western Asset Total Credit Plus FIF,Renda Fixa Duração Livre Crédito Livre,API,03/06/2026
29813596000120,XP,XP Crédito Estruturado 15 FIC de FIF RF CP LP RL,Renda Fixa Duração Livre Crédito Livre,API,03/06/2026
19657463000159,XP,XP Debêntures Incentivadas IMAB CP Incentivado Infra RF RL,Renda Fixa Duração Livre Crédito Livre,API,03/06/2026
55994151000102,XP,XP IMAB5 Debêntures Incentivadas RL,Renda Fixa Duração Livre Crédito Livre,API,03/06/2026
53095152000181,XP,XP Income Debentures Incentivadas CDI FI em Infra RF CP RL,Renda Fixa Duração Livre Crédito Livre,API,03/06/2026
34867766000190,XP,XP Income FIC RF LP RL,Renda Fixa Duração Livre Crédito Livre,API,03/06/2026
29044189000104,XP,AF Invest Geraes 30 FIRF CP,Renda Fixa Duração Livre Grau de Invest.,API,03/06/2026
32319627000104,XP,ARX Elbrus Advisory FIC Incentivado FIF em Infra RF RL,Renda Fixa Duração Livre Grau de Invest.,API,03/06/2026
39959156000130,XP,ARX Elbrus Pro Advisory I FIC Incentivado FIF Infra RF RL,Renda Fixa Duração Livre Grau de Invest.,API,03/06/2026
32225663000109,XP,ARX Hedge FIC Incentivado Financeiro em Infra RF RL,Renda Fixa Duração Livre Grau de Invest.,API,03/06/2026
52280036000170,XP,AZ Quest Luce Advisory II FIC FIF RF CP LP,Renda Fixa Duração Livre Grau de Invest.,API,03/06/2026
19782311000188,XP,AZ Quest Valore FIRF CP,Renda Fixa Duração Livre Grau de Invest.,API,03/06/2026
16599968000116,XP,AZ Quest Yield RF Ativo FIF CIC RF LP RL,Renda Fixa Duração Livre Grau de Invest.,API,03/06/2026
44315932000107,XP,BB Asset RF Ativa Plus LP FIC FIF RL,Renda Fixa Duração Livre Grau de Invest.,API,03/06/2026
11952873000110,XP,BTG Pactual Hedge Sigma FIF RF - Subclasse A,Renda Fixa Duração Livre Grau de Invest.,API,03/06/2026
61333973000137,XP,Capitânia Infra Advisory Sênior I RF FI-Infra,Renda Fixa Duração Livre Grau de Invest.,API,03/06/2026
12682783000110,XP,Icatu Vanguarda Inflação Curta FIF CIC RF LP RL,Renda Fixa Duração Livre Grau de Invest.,API,03/06/2026
26978438000132,XP,Iridium Apollo FIF RF CP LP RL,Renda Fixa Duração Livre Grau de Invest.,API,03/06/2026
52342951000142,XP,Itaú Janeiro Distribuidores FIF CIC RF LP - Resp Limitada,Renda Fixa Duração Livre Grau de Invest.,API,03/06/2026
32892819000105,XP,Itaú Optimus Distribuidores FIF CIC RF LP - Resp Limitada,Renda Fixa Duração Livre Grau de Invest.,API,03/06/2026
48899234000149,XP,MAG FIRF Ativo LP,Renda Fixa Duração Livre Grau de Invest.,API,03/06/2026
11435287000107,XP,Mag Renda Fixa FIF CI RL,Renda Fixa Duração Livre Grau de Invest.,API,03/06/2026
54484843000130,XP,Novus RF Isento FIC FI Infraestrutura CP RL,Renda Fixa Duração Livre Grau de Invest.,API,03/06/2026
54307808000145,XP,Opportunity Income FIC FIF RF LP RL,Renda Fixa Duração Livre Grau de Invest.,API,03/06/2026
47562149000128,XP,Persevera Trinity FIRF REF DI RL,Renda Fixa Duração Livre Grau de Invest.,API,03/06/2026
51693641000100,XP,Persevera Yield FIRF LP,Renda Fixa Duração Livre Grau de Invest.,API,03/06/2026
15350679000116,XP,Plural High Grade FIF RF CP RL,Renda Fixa Duração Livre Grau de Invest.,API,03/06/2026
36498670000127,XP,Riza Lotus FIF RF - Referenciada DI CP RL,Renda Fixa Duração Livre Grau de Invest.,API,03/06/2026
43917493000131,XP,Riza Lotus Plus Advisory FIF RF,Renda Fixa Duração Livre Grau de Invest.,API,03/06/2026
23714047000112,XP,Safra Grand Vitesse FIRF CP,Renda Fixa Duração Livre Grau de Invest.,API,03/06/2026
31961612000174,XP,Schroder High Grade Advisory FIRF CP RL,Renda Fixa Duração Livre Grau de Invest.,API,03/06/2026
10347493000194,XP,Tivio Banks RF CP FIF RL,Renda Fixa Duração Livre Grau de Invest.,API,03/06/2026
36017289000107,XP,V8 Vanquish Termo FIF,Renda Fixa Duração Livre Grau de Invest.,API,03/06/2026
34687441000125,XP,Vinland Ativo Advisory FIF CIC RF LP - Resp Limitada,Renda Fixa Duração Livre Grau de Invest.,API,03/06/2026
14146491000198,XP,XP Inflação Referenciado IPCA FIRF LP RL,Renda Fixa Duração Livre Grau de Invest.,API,03/06/2026
57829025000110,XP,Ibiuna RF Ativo Inst RF RL - Subclasse de Investimento,Renda Fixa Duração Livre Soberano,API,03/06/2026
23502654000119,XP,Sulamérica Retorno Total FI RF LP,Renda Fixa Duração Livre Soberano,API,03/06/2026
34475424000124,XP,Trend Inflação Geral FIRF LP RL,Renda Fixa Duração Livre Soberano,API,03/06/2026
17517577000178,XP,Western Asset IMA-B5 FIF RF,Renda Fixa Duração Livre Soberano,API,03/06/2026
45081757000195,XP,BB Asset RF CP LP FIC FIF RL,Renda Fixa Duração Média Crédito Livre,API,03/06/2026
20146294000171,XP,Capitânia Premium 45 FIC de FIF RF CP LP RL,Renda Fixa Duração Média Crédito Livre,API,03/06/2026
13615411000133,XP,Capitânia TOP CP FIC de FIF RF RL,Renda Fixa Duração Média Crédito Livre,API,03/06/2026
36352376000102,XP,Sparta Max A60 FIC FIF RF CP LP RL,Renda Fixa Duração Média Crédito Livre,API,03/06/2026
32757330000112,XP,Sparta Max Advisory FIC de FIF RF CP LP RL,Renda Fixa Duração Média Crédito Livre,API,03/06/2026
22681798000117,XP,AZ Quest Termo FIF RF LP,Renda Fixa Duração Média Grau de Invest.,API,03/06/2026
58341429000122,XP,BB Asset RF LP High FIC FIF RL,Renda Fixa Duração Média Grau de Invest.,API,03/06/2026
58460637000140,XP,BTG Pactual Crédito Corporativo Dinâmico Advisory FIF FIC FI,Renda Fixa Duração Média Grau de Invest.,API,03/06/2026
32846811000102,XP,Sparta Top Advisory FIC FIF RF CP LP RL,Renda Fixa Duração Média Grau de Invest.,API,03/06/2026
14188162000100,XP,Sparta Top FIC FIF RF CP LP - Resp Limitada,Renda Fixa Duração Média Grau de Invest.,API,03/06/2026
30509221000150,XP,V8 Cash FIC FIRF,Renda Fixa Duração Média Grau de Invest.,API,03/06/2026
42774627000140,XP,V8 Cash Platinum FIF,Renda Fixa Duração Média Grau de Invest.,API,03/06/2026
59791603000100,XP,Trend Crédito Brasil FIF RF CP RL,Renda Fixa Indexados,API,03/06/2026
31145851000156,XP,Trend Pré-Fixado FIRF LP RL,Renda Fixa Indexados,API,03/06/2026
26142614000100,XP,Daycoval Debêntures Incentivadas CP FIM,Renda Fixa Simples,API,03/06/2026
57021822000176,XP,Legacy Capital Portfolio Renda Mais FI-INFRA RF LP RL,Renda Fixa Simples,API,03/06/2026
56992930000123,XP,Sparta Pré 2028 FI-Infra RF CP RL,Renda Fixa Simples,API,03/06/2026
45823918000179,XP,Trend Cash CIC de Classes RF Simples RL,Renda Fixa Simples,API,03/06/2026
45278833000157,XP,Trend DI FIC RF Simples RL,Renda Fixa Simples,API,03/06/2026
26559284000144,XP,Trend Pós-Fixado FIC FIRF Simples RL,Renda Fixa Simples,API,03/06/2026
07667620000128,Bradesco,BRADESCO MULTIGESTORES FI FINANCEIRO - CIC MULT - RESP LIMITADA,Multimercado,CVM*,03/06/2026
32273503000127,Bradesco,BRADESCO IBIUNA HEDGE STH FIF - CIC MULTIMERCADO - RESPONSABILIDADE LIMITADA,Multimercado,CVM*,03/06/2026
32273528000120,Bradesco,BRADESCO TRUXT I LONG SHORT FIF - CIC MULTIMERCADO - RESP LIMITADA,Multimercado,CVM,03/06/2026
31008331000100,Bradesco,BRADESCO MACRO STRATEGY PGBLVGBL FI FINANCEIRO - CIC MULT - RESP LIMITADA,Multimercado,CVM*,03/06/2026
32312069000147,Bradesco,BRADESCO FIC FIF MULTIMERCADO  QUANT 10 - RESP LIMITADA,Renda Fixa,CVM,03/06/2026
34054876000132,Bradesco,BRADESCO KADIMA FIF - CLASSE DE INVESTIMENTO EM COTAS MULTIMERCADO - RESP LIMITADA,Multimercado,CVM*,03/06/2026
28951182000103,Bradesco,CANVAS VECTOR S FUNDO DE INVESTIMENTO EM COTAS DE FIF MULTIMERCADO - RESPONSABILIDADE LIMITADA,Multimercado,CVM*,03/06/2026
08893097000110,Bradesco,BRADESCO VERDE AM MULTI ALLOCATION BP FIF - CIC MULTIMERCADO - RESPONSABILIDADE LIMITADA,Multimercado,CVM*,03/06/2026
28515917000148,Bradesco,BRADESCO CORPORATIVO FI FINANCEIRO - CIC RF CRED PRIV - RESP LIMITADA,Renda Fixa Ativa,CVM,03/06/2026
28797658000195,Bradesco,BRADESCO PIMCO INCOME - FIF - CIC MULTIMERCADO - RESPONSABILIDADE LIMITADA,Renda Fixa,CVM,03/06/2026
13896282000107,Bradesco,BRADESCO PORTFOLIO MACRO FIF - CIC MULTIMERCADO -  RESPONSABILIDADE LIMITADA.,Multimercado,CVM*,03/06/2026
28428226000107,Bradesco,BRADESCO KAPITALO KAPPA FIF - CLASSE DE INVESTIMENTO EM COTAS MULTIMERCADO - RESP LIMITADA,Multimercado,CVM*,03/06/2026
20216935000117,Bradesco,BRADESCO CARTEIRA IMOBILIÁRIA ATIVA - FUNDO DE FUNDOS DE INVESTIMENTO IMOBILIÁRIO - FII,Multimercado,CVM*,03/06/2026
34081049000138,Bradesco,BRADESCO CORPORATE FIF -CLASSE DE INVESTIMENTO EM COTAS RENDA FIXA SIMPLES - RESP LIMITADA,Renda Fixa,CVM*,03/06/2026
07364099000150,Bradesco,BRADESCO FIF - CIC RENDA FIXA PREFIXADO CURTO - RESP LIMITADA,Renda Fixa,CVM*,03/06/2026
07192319000105,Bradesco,BRADESCO PRIME FIF - CIC MULTIMERCADO LONG SHORT - RESP LIMITADA,Multimercado,CVM*,03/06/2026
00322699000106,Bradesco,BRADESCO H FIF - CLASSE DE INVESTIMENTO RF REFERENCIADA DI CRED PRIV LP EXECUTIVO - RESP LIMITADA,Renda Fixa Ativa,CVM*,03/06/2026
13902266000171,Bradesco,BRADESCO FIF  - CIC  MULTIMERCADO ALOCAÇÃO DINÂMICA - RESPONSABILIDADE LIMITADA,Multimercado,CVM*,03/06/2026
13911703000113,Bradesco,BRADESCO FIF  - CIC  MULTIMERCADO ALOCAÇÃO ARROJADA - RESPONSABILIDADE LIMITADA,Multimercado,CVM*,03/06/2026
32388002000196,Bradesco,BRADESCO OAKTREE GLOBAL CREDIT FIF - CIC MULTIMERCADO - RESP LIMITADA,Multimercado,CVM*,03/06/2026
42431765000126,Bradesco,BRADESCO MULTIGESTORES II PREV PGBL/VGBL FIF - CIC MULTIMERCADO CRÉDITO PRIVADO - RESP LIMITADA,Multimercado,CVM*,03/06/2026
24752497000162,Bradesco,BRADESCO GLOBAL - BALANCED FI FINANCEIRO - CI MULT - RESP LIMITADA,Multimercado,CVM,03/06/2026
13400050000108,Bradesco,BRADESCO FIF  - CIC  RENDA FIXA INFLAÇÃO LONGA - RESPONSABILIDADE LIMITADA,Renda Fixa,CVM*,03/06/2026
43024578000190,Bradesco,BRADESCO FIC DE FIF - CLASSE DE INVESTIMENTO MULT  CRED PRIVADO LAPIN I,Renda Fixa Ativa,CVM*,03/06/2026
35845046000196,Bradesco,BRADESCO CLARITAS LONG SHORT FIF - CLASSE DE INVESTIMENTO EM COTAS MULTIMERCADO - RESP LIMITADA,Multimercado,CVM,03/06/2026
38315464000160,Bradesco,BRADESCO FIC DE FUNDOS DE INVESTIMENTO MULTIMERCADO CRÉDITO PRIVADO BVP 149,Multimercado,CVM*,03/06/2026
00306278000191,Bradesco,BRADESCO FIC DE FI FINANCEIRO RENDA FIXA REFERENCIADA DI - RESPONSABILIDADE LIMITADA,Multimercado,CVM*,03/06/2026
60400295000115,Bradesco,BNP PARIBAS BRADESCO TARGUS CIC DE CLASSE DE INVESTIMENTO RENDA FIXA CRÉD PRIV - RESP LIMITADA,Renda Fixa,CVM,03/06/2026
37299026000192,Bradesco,BRADESCO VINCI ATLAS FIF - CLASSE DE INVESTIMENTO EM COTAS MULTIMERCADO - RESP LIMITADA,Multimercado,CVM,03/06/2026
21185984000100,Bradesco,BNP PARIBAS RUBI CIC DE CLASSE DE INVESTIMENTO RENDA FIXA CRÉDITO PRIVADO RESPONSABILIDADE LIMITADA,Renda Fixa Ativa,CVM*,03/06/2026
18422264000107,Bradesco,ABSOLUTE HEDGE MASTER FUNDO DE INVESTIMENTO FINANCEIRO MULTIMERCADO,Multimercado,CVM*,03/06/2026
32273514000107,Bradesco,BRADESCO RPS EQUITY HEDGE FIF - CLASSE DE INVESTIMENTO EM COTAS MULTIMERCADO - RESP LIMITADA,Multimercado,CVM*,03/06/2026
16599968000116,Bradesco,AZ QUEST YIELD RF ATIVO FIF DA CIC RF LONGO PRAZO RESPONSABILIDADE LIMITADA,Renda Fixa,CVM*,03/06/2026
33361657000133,Bradesco,BLACKROCK GLOBAL EVENT DRIVEN CLASSE DE  INVESTIMENTO MULTIMERCADO  RESPONSABILIDADE LIMITADA,Multimercado,CVM*,03/06/2026
28581109000189,Bradesco,VINLAND MACRO ADVISORY FIF CIC MULTIMERCADO RESPONSABILIDADE LIMITADA,Multimercado,CVM*,03/06/2026
03119883000141,Bradesco,JGP HEDGE FIC DE FUNDOS DE INVESTIMENTO FINANCEIRO MULTIMERCADO - RESPONSABILIDADE LIMITADA,Multimercado,CVM,03/06/2026
41287719000132,Bradesco,DAHLIA GLOBAL ALLOCATION MULTIMERCADO SELEÇÃO FIF DA CLASSE DE INVESTIMENTO EM COTAS RESP LIMITADA,Multimercado,CVM,03/06/2026
21624757000126,Bradesco,KINEA CHRONOS FUNDO DE INVESTIMENTO FINANCEIRO MULTIMERCADO RESPONSABILIDADE LIMITADA,Multimercado,CVM*,03/06/2026
21983042000160,Bradesco,ABSOLUTE ALPHA GLOBAL FIC DE FI FINANCEIRO MULTIMERCADO - RESPONSABILIDADE LIMITADA,Multimercado,CVM*,03/06/2026
14146496000110,Bradesco,KADIMA HIGH VOL FIC DE FUNDOS DE INVESTIMENTO FINANCEIRO MULTIMERCADO - RESPONSABILIDADE LIMITADA,Multimercado,CVM*,03/06/2026
20216114000180,Bradesco,ASA GAUSS CLASSE DE INVESTIMENTO MULTIMERCADO - RESP LIMITADA,Multimercado,CVM*,03/06/2026
08913176000146,Bradesco,BTG PACTUAL ABSOLUTO PREVIDENCIA FUNDO DE INVESTIMENTO FINANCEIRO EM ACOES,Multimercado,CVM*,03/06/2026
35828652000101,Bradesco,GENOA CAPITAL RADAR MASTER FUNDO DE INVESTIMENTO FINANCEIRO MULTIMERCADO RESPONSABILIDADE LIMITADA,Multimercado,CVM*,03/06/2026
34979876000143,Bradesco,KADIMA LONG SHORT PREVIDÊNCIA FUNDO DE INVESTIMENTO FINANCEIRO MULTIMERCADO,Multimercado,CVM*,03/06/2026
49896537000170,Bradesco,KAPITALO SÍDERO FUNDO DE INVESTIMENTO EM PARTICIPAÇÕES MULTIESTRATÉGIA,Multimercado,CVM*,03/06/2026
08696175000197,Bradesco,RB CAPITAL RENDA I FUNDO DE INVESTIMENTO IMOBILIARIO - FII - RESPONSABILIDADE LIMITADA,Multimercado,CVM*,03/06/2026
32969381000108,Bradesco,ÂNGULO RETORNO ABSOLUTO 1 - FUNDO DE INVESTIMENTO EM PARTICIPAÇÕES EM EMPRESAS EMERGENTES,Multimercado,CVM*,03/06/2026
12124089000187,Bradesco,IBIUNA HEDGE FIF - CLASSE DE INVESTIMENTO MULTIMERCADO - RESPONSABILIDADE LIMITADA,Multimercado,CVM*,03/06/2026
08937196000157,Bradesco,GULF I DE INVESTIMENTO EM PARTICIPAÇÕES MULTIESTRATEGIA - INVESTIMENTO NO EXTERIOR,Multimercado,CVM*,03/06/2026
51709979000102,Bradesco,BRADESCO EXPLORER CHALLENGE FI FINANCEIRO - CIC MULT - RESP LIMITADA,Multimercado,CVM,03/06/2026
49232076000131,Bradesco,BRADESCO SOLANA LONG AND SHORT FIF - CLASSE DE INVESTIMENTO EM COTAS MULTIMERCADO - RESP LIMITADA,Multimercado,CVM,03/06/2026
07287126000138,Bradesco,BRADESCO FIF - CIC RENDA FIXA REFERENCIADA DI LIQUIDEZ ÁGORA - RESP LIMITADA,Renda Fixa,CVM*,03/06/2026
49647466000172,Bradesco,BRADESCO SOLARO FI FINANCEIRO - CIC RF CRED PRIV LP - RESP LIMITADA,Renda Fixa Ativa,CVM,03/06/2026
18079388000123,Bradesco,BRADESCO BANCOS FI FINANCEIRO - CIC RF CRED PRIV - RESP LIMITADA,Renda Fixa Ativa,CVM*,03/06/2026
44315861000134,Bradesco,BRADESCO DEB INCENTIVADAS INFLAÇÃO FIF - CIC INCENTIVADA DE INVESTIMENTO EM INFRA  RF LP - RESP LTDA,Renda Fixa,CVM,03/06/2026
43391569000138,Bradesco,BRADESCO EXPLORER PRIVATE EQUITY FUNDO DE INVESTIMENTO EM PARTICIPAÇÕES MULTIESTRATÉGIA,Renda Fixa Ativa,CVM*,03/06/2026
01789400000190,Bradesco,WESTERN ASSET IBOVESPA ATIVO FIF EM AÇÕES RESPONSABILIDADE LIMITADA,Renda Fixa,CVM*,03/06/2026
39807395000174,Bradesco,BV EAGLE ÁGORA FIF - CLASSE DE INVESTIMENTO EM COTAS RENDA FIXA LONGO PRAZO - RESP LIMITADA,Renda Fixa,CVM,03/06/2026
13396703000122,Bradesco,VINCI VALOREM FIF - CLASSE DE INVESTIMENTO MULTIMERCADO - RESPONSABILIDADE LIMITADA,Renda Fixa,CVM*,03/06/2026
29363886000110,Bradesco,OAKTREE GLOBAL CREDIT BRL FUNDO DE INVESTIMENTO MULTIMERCADO,Renda Fixa,CVM*,03/06/2026
40226091000100,Bradesco,WESTERN ASSET US INDEX 500 ÁGORA FIF - CLASSE DE INVESTIMENTO EM COTAS MULTIMERCADO - RESP LIMITADA,Multimercado,CVM,03/06/2026
42814516000110,Bradesco,BRADESCO GLOBAL SOLUTION  MULTICLASSES BRL FIF - CIC MULTIMERCADO - RESPONSABILIDADE LIMITADA,Multimercado,CVM,03/06/2026
52300821000147,Bradesco,BRADESCO MASTER MACRO JUROS E MOEDAS FI FINANCEIRO - CI MULT - RESP LIMITADA,Multimercado,CVM*,03/06/2026
37565324000187,Bradesco,BRADESCO MULTIASSET USD FI FINANCEIRO - CIC MULT CRED PRIV - RESP LIMITADA,Multimercado,CVM,03/06/2026
02335944000145,Bradesco,BRADESCO FUNDO DE INVESTIMENTO RENDA FIXA TARGET I,Renda Fixa,CVM,03/06/2026
21470989000177,Bradesco,ABSOLUTE VERTEX FIC DE FUNDOS DE INVESTIMENTO FINANCEIRO MULTIMERCADO - RESPONSABILIDADE LIMITADA,Multimercado,CVM,03/06/2026
63438245000115,Bradesco,BRADESCO AQUAMARINE INFRA ATIVO FIF - CIC RF INCENTIVADO DE INVESTIMENTO EM INFRA LP RESP LIMITADA,Renda Fixa,CVM,03/06/2026
18679900000172,Bradesco,BRADESCO 392 FIF - CLASSE DE INVESTIMENTO RENDA FIXA INCENTIVADO DE INVESTIMENTO EM INFRAESTRUTURA,Renda Fixa,CVM*,03/06/2026
60956073000183,Bradesco,BRADESCO MAN AHL SISTEMÁTICO GLOBAL INVESTIMENTO NO EXTERIOR BRL FIF - CIC MULT - RESP LIMITADA,Multimercado,CVM,03/06/2026
65219504000142,Bradesco,BRADESCO DAHLIA EQUITY HEDGE FIF - CIC MULTIMERCADO RESPONSABILIDADE LIMITADA,Multimercado,CVM,03/06/2026
32273507000105,Bradesco,BRADESCO VERDE MUTIESTRATEGIA FIC FIM,Multimercado,Manual,03/06/2026
32387924000189,Bradesco,BRADESCO FICFI RF CREDITO PRIVADO PLUS,Renda Fixa Ativa,Manual,03/06/2026
30378522000192,Bradesco,BRAD AM MARAU FIF CIC MM RL,Multimercado,Manual,03/06/2026
02567996000147,Bradesco,BRADESCO FICFIRF REFERENCIADO DI FEDERAL PLUS,Renda Fixa,Manual,03/06/2026
74326471000120,Bradesco,BRAD CRED SOBERANO FIF CLA INV RF RL,Renda Fixa Ativa,Manual,03/06/2026
37310314000109,Bradesco,BRAD FIC FIM ALOCACAO ALPHA,Multimercado,Manual,03/06/2026
35848022000190,Bradesco,CLARITAS HEDGE FIC FIM LP AGORA,Multimercado,Manual,03/06/2026
44544152000120,Bradesco,BRADESCO VISTA HEDGE BP FIC FIM,Multimercado,Manual,03/06/2026
49963346000184,Bradesco,CONEXAO NOVUS EXCL FIF CIC RF LP RL,Renda Fixa Ativa,Manual,03/06/2026
44705082000145,Bradesco,BRADESCO LORD ABBETT HIGH INCOME BRL FUNDO DE INVE,Renda Fixa Ativa,Manual,03/06/2026
38306388000126,Bradesco,SULAMERICA JURO REAL CURTO FIC FIRF LP AGORA,Renda Fixa,Manual,03/06/2026
37280263000101,Bradesco,SULAMERICA ATIVO FIC FI RF LP AGORA,Renda Fixa,Manual,03/06/2026
36620345000195,Bradesco,PIMCO INCOME DOLAR FIC FIM AGORA IE,Renda Fixa,Manual,03/06/2026
34109650000191,Bradesco,BRAD IS MULTIMANAGER BROL FIC FIM CPRIV IE,Renda Fixa Ativa,Manual,03/06/2026
62699812000124,Bradesco,CONEXAO KINEA OPORT FIF CIC RF CPR RL,Renda Fixa Ativa,Manual,03/06/2026
10264255000115,Itau,ITAÚ RENDA FIXA CRÉDITO PRIVADO DIFERENCIADO FIF RESP LIMITADA,Renda Fixa Ativa,CVM*,03/06/2026
07838652000149,Itau,ICATU SEG PRIVILEGE  JUROS E MOEDAS FUNDO DE INVESTIMENTO FINANCEIRO MULTIMERCADO - RESP LIMITADA,Renda Fixa,CVM*,03/06/2026
42698158000127,Itau,ITAÚ KINEA ANDES RENDA FIXA CRÉDITO PRIVADO FUNDO DE INVESTIMENTO FINANCEIRO DA CIC LP RESP LIMITADA,Renda Fixa Ativa,CVM,03/06/2026
36249200000120,Itau,ITAÚ KINEA OPORTUNIDADE RENDA FIXA CRÉDITO PRIVADO FIF CIC RESP LIMITADA,Renda Fixa Ativa,CVM,03/06/2026
03565187000169,Itau,SANTANDER PREV TOP SELECT MULTIMERCADO CRÉDITO PRIVADO - CIC FIF RESP LIMITADA,Renda Fixa Ativa,CVM*,03/06/2026
51998694000139,Itau,ITAÚ CRÉDITO BANCÁRIO RENDA FIXA CRÉDITO PRIVADO FIF DA CIC RESP LIMITADA,Renda Fixa Ativa,CVM*,03/06/2026
36347721000110,Itau,ITAÚ INDEX SIMPLES SELIC RENDA FIXA FUNDO DE INVESTIMENTO FINANCEIRO DA CIC RESP LIMITADA,Renda Fixa,CVM,03/06/2026
53216655000168,Itau,ITAÚ LUMINA PLATINUM FUNDO DE INVESTIMENTO FINANCEIRO RENDA FIXA LONGO PRAZO - RESP LIMITADA,Renda Fixa,CVM*,03/06/2026
52151501000172,Itau,ITAÚ LUMINA SOBERANO RENDA FIXA LONGO PRAZO FUNDO DE INVESTIMENTO FINANCEIRO RESP LIMITADA,Renda Fixa,CVM*,03/06/2026
51253495000100,Itau,MAPFRE CONFIANZA FIF RENDA FIXA REFERENCIADO DI CRÉDITO PRIVADO - RESP LTDA,Renda Fixa,CVM*,03/06/2026
48084411000139,Itau,ABSOLUTE ATENAS SELEÇÃO FIF DA CIC RENDA FIXA CRÉDITO PRIVADO RESPONSABILIDADE LIMITADA,Renda Fixa Ativa,CVM,03/06/2026
48094354000179,Itau,ABSOLUTE CRETA SELEÇÃO FIF CIC RENDA FIXA CRÉDITO PRIVADO RESPONSABILIDADE LIMITADA,Renda Fixa Ativa,CVM,03/06/2026
31217083000107,Itau,ITAÚ ACTIVE FIX DUAL MULTIMERCADO CRÉDITO PRIVADO FUNDO DE INVESTIMENTO FINANCEIRO RESP LIMITADA,Renda Fixa Ativa,CVM*,03/06/2026
35500650000180,Itau,ITAÚ ACTIVE FIX ESG CRÉDITO PRIVADOMULTIMERCADO INVESTIMENTO SUSTENTÁVEL FIF RESP LIMITADA,Renda Fixa Ativa,CVM*,03/06/2026
57566553000123,Itau,ITAÚ ACTIVE FIX ESG HORIZONTE IS FIF DA CIC MULTIMERCADO CRÉDITO PRIVADO RESPONSABILIDADE LIMITADA,Renda Fixa Ativa,CVM*,03/06/2026
57724721000161,Itau,ITAÚ DEBÊNTURES INCENTIVADAS PÓS FIXADO DISTRI FIF CIC  FI INC DEB INFRA RF CRÉD PRIV RESP LIMITADA,Renda Fixa,CVM*,03/06/2026
42263927000164,Itau,ITAÚ HIGH YIELD ALL MULTIMERCADO CRÉDITO PRIVADO FIF CIC RESPONSABILIDADE LIMITADA,Renda Fixa Ativa,CVM*,03/06/2026
53273544000193,Itau,ITAÚ KINEA NEPAL FUNDO DE INVESTIMENTO FINANCEIRO DA CIC MULT CRÉD PRIV - RESP LIMITADA,Renda Fixa Ativa,CVM,03/06/2026
46322919000100,Itau,JIVE BOSSANOVA HIGH YIELD FUNDO DE INVESTIMENTO EM COTAS DE FIDC CRÉDITO PRIVADO,Renda Fixa Ativa,CVM*,03/06/2026
54227728000180,Itau,ITAÚ SINFONIA ALL FUNDO DE INVESTIMENTO FINANCEIRO MULTIMERCADO CRÉD PRIV - RESP LIMITADA,Renda Fixa Ativa,CVM*,03/06/2026
42717960000117,Itau,ITAÚ SINFONIA MULTIMERCADO CRÉDITO PRIVADO FUNDO DE INVESTIMENTO FINANCEIRO DA CIC RESP LIMITADA,Renda Fixa Ativa,CVM*,03/06/2026
27945264000174,Itau,KINEA ABSOLUTO FUNDO DE INVESTIMENTO FINANCEIRO RENDA FIXA LONGO PRAZO RESPONSABILIDADE LIMITADA,Renda Fixa Ativa,CVM*,03/06/2026
49972274000131,Itau,PORTO SEGURO IPÊ RF SELEÇÃO FUNDO DE INVESTIMENTO FINANCEIRO DA CIC CRÉD PRIV LP RESP LIMITADA,Renda Fixa Ativa,CVM,03/06/2026
35816850000147,Itau,V8 CASH PLATINUM 2 FIC DE FI FINANCEIRO RENDA FIXA CRÉDITO PRIVADO - RESPONSABILIDADE LIMITADA,Renda Fixa Ativa,CVM*,03/06/2026
58516787000129,Itau,ABSOLUTE HIDRA CDI PLUS SELEÇÃO FIF INCENTIVADO EM INFRA DA CIC RF CRÉD PRIV RESP LIMITADA,Renda Fixa,CVM,03/06/2026
62966751000114,Itau,ICATU VANGUARDA SELEÇÃO CDI IU FIF INCENTIVADO EM INFRA DA CIC RF LP RESP LIMITADA,Renda Fixa,CVM,03/06/2026
42380161000106,Itau,ITAÚ DEBÊNTURES INCENTIVADAS CDI FIF EM INFRA CIC RF CRÉD PRIV - RESP LIMITADA,Renda Fixa,CVM*,03/06/2026
54383407000174,Itau,ITAÚ KINEA DEBÊNTURES INCENTIVADAS FIF INCENTIVADO INFRA CIC RF CRED PRIV LP - RESP LIMITADA,Renda Fixa,CVM,03/06/2026
32159534000151,Itau,ITAÚ PRECISION ADVANCED FUNDO DE INVESTIMENTO FINANCEIRO  MULTIMERCADO CRÉDITO PRIV RESP LIMITADA,Renda Fixa Ativa,CVM*,03/06/2026
51225288000133,Itau,VINLAND RENDA FIXA INFRA SELEÇÃO FC DE FIF INCENTIVADO EM DEB DE INFRA CRÉD PRIV LP RESP LIMITADA,Renda Fixa,CVM,03/06/2026
31340838000158,Itau,ATENA YIELD D30 FUNDO DE INVESTIMENTO EM COTAS DE FUNDOS DE INVESTIMENTO FINANCEIRO RENDA FIXA,Renda Fixa Ativa,CVM,03/06/2026
08913187000126,Itau,BTG PACTUAL CREDITO CORPORATIVO FIFE PREVIDENCIA FUNDO DE INVESTIMENTO FINANCEIRO RENDA FIXA,Renda Fixa Ativa,CVM*,03/06/2026
26978438000132,Itau,IRIDIUM APOLLO FIF RENDA FIXA CRÉDITO PRIVADO LONGO PRAZO - RESPONSABILIDADE LIMITADA,Renda Fixa Ativa,CVM*,03/06/2026
32225253000150,Itau,IRIDIUM TITAN MASTER FIF RENDA FIXA CRÉDITO PRIVADO - RESPONSABILIDADE LIMITADA,Renda Fixa Ativa,CVM*,03/06/2026
41687404000182,Itau,CASH PLUS LONGO PRAZO FUNDO DE INVESTIMENTO EM COTAS DE FUNDOS DE INVESTIMENTO EM DIREITOS CREDITÓRI,Renda Fixa,CVM*,03/06/2026
08610270000126,Itau,MAPFRE RENDA FIXA FUNDO DE INVESTIMENTO FINANCEIRO - RESP LTDA,Renda Fixa,CVM,03/06/2026
51951316000108,Itau,MERCURY FUNDO DE INVESTIMENTO IMOBILIÁRIO,Renda Fixa Ativa,CVM*,03/06/2026
46405812000118,Itau,VALORA INFRA DÍVIDA FUNDO DE INVESTIMENTO EM PARTICIPAÇÕES EM INFRAESTRUTURA - FIP-IE RESP LIMITADA,Renda Fixa,CVM*,03/06/2026
55318040000178,Itau,SOLIS CAPITAL ANTARES PIONEIRO FUNDO DE INVESTIMENTO EM COTAS DE FUNDOS DE INVESTIMENTO EM DIREITOS,Renda Fixa Ativa,CVM,03/06/2026
59657690000107,Itau,VALORA VANGUARD FUNDO DE INVESTIMENTO EM COTAS DE FUNDOS DE  DIREITOS CREDITÓRIOS,Renda Fixa Ativa,CVM,03/06/2026
55686350000145,Itau,ABSOLUTE DELFOS SELEÇÃO FUNDO DE INVESTIMENTO FINANCEIRO DA CIC MULT CRÉD PRIV LP RESP LIMITADA,Renda Fixa Ativa,CVM,03/06/2026
09720734000110,Itau,AF INVEST GERAES FUNDO DE INVESTIMENTO FINANCEIRO RENDA FIXA,Renda Fixa Ativa,CVM*,03/06/2026
19392834000118,Itau,MCA CRÉDITO PRIVADO FUNDO DE INVESTIMENTO EM COTAS DE FUNDOS DE  INVESTIMENTO EM DIREITOS CREDITÓRIO,Renda Fixa Ativa,CVM*,03/06/2026
42860699000100,Itau,ARX DENALI RENDA FIXA CRÉDITO PRIVADO IU FIF DA CIC RESPONSABILIDADE LIMITADA,Renda Fixa Ativa,CVM,03/06/2026
42698327000129,Itau,ARX VINSON RENDA FIXA CRÉDITO PRIVADO IU FIF DA CLASSE DE INVESTIMENTO EM COTAS RESP LIMITADA,Renda Fixa Ativa,CVM,03/06/2026
35399404000184,Itau,COMPASS CREDIT SELECTION FUNDO DE INVESTIMENTO FINANCEIRO RENDA FIXA,Renda Fixa Ativa,CVM*,03/06/2026
36318479000156,Itau,COMPASS YIELD 30 FUNDO DE INVESTIMENTO FINANCEIRO RENDA FIXA,Renda Fixa Ativa,CVM,03/06/2026
48069005000105,Itau,ICATU VANGUARDA CRÉDITO PRIVADO LIQUIDEZ SELEÇÃO FIF CIC RENDA FIXA LONGO PRAZO RESP LIMITADA,Renda Fixa Ativa,CVM*,03/06/2026
48349509000170,Itau,OCCAM CRÉDITO CORPORATIVO 30 FUNDO DE INVESTIMENTO EM DIREITOS CREDITÓRIOS RESPONSABILIDADE LIMITADA,Renda Fixa Ativa,CVM*,03/06/2026
46098916000127,Itau,OCCAM LIQUIDEZ MASTER FI FINANCEIRO RENDA FIXA CRÉDITO PRIVADO - RESPONSABILIDADE LIMITADA,Renda Fixa Ativa,CVM*,03/06/2026
44870150000121,Itau,RIZA HIGH GRADE VINTAGE A FIF CIC RF CRED PRIV RESP LIMITADA,Renda Fixa Ativa,CVM,03/06/2026
54345278000120,Itau,OCCAM ATIVO 30 FIF RENDA FIXA INVEST EM INFRAESTRUTURA CRÉDITO PRIVADO RESPONSABILIDADE LIMITADA,Renda Fixa,CVM*,03/06/2026
03233070000188,Itau,PORTO SEGURO SOBERANO REFERENCIADO DI FIF RENDA FIXA RESP LIMITADA,Renda Fixa,CVM*,03/06/2026
30103475000174,Itau,SAFRA PREV EVEREST FIF PREVIDENCIÁRIO CLASSE DE INV MULTIMERCADO CRÉDITO PRIVADO PREV RESP LIMITADA,Renda Fixa Ativa,CVM*,03/06/2026
20146294000171,Itau,CAPITÂNIA PREMIUM 45 FIC DE FIF RENDA FIXA CRÉDITO PRIVADO LONGO PRAZO - RESPONSABILIDADE LIMITADA,Renda Fixa Ativa,CVM,03/06/2026
13615411000133,Itau,CAPITÂNIA TOP CRÉDITO PRIVADO FIC DE FI FINANCEIRO RENDA FIXA - RESPONSABILIDADE LIMITADA,Renda Fixa Ativa,CVM,03/06/2026
53390661000137,Itau,EQUITAS SHELTER SELEÇÃO FIF CIC RF CRED PRIV LP - RESP LIMITADA,Renda Fixa Ativa,CVM,03/06/2026
39958460000162,Itau,M8 CAPITAL PLUS FUNDO DE INVESTIMENTO FINANCEIRO RENDA FIXA,Renda Fixa Ativa,CVM,03/06/2026
50697486000137,Itau,MAG HIGH GRADE PLUS 30 FIF RENDA FIXA CRÉDITO PRIVADO LONGO PRAZO - RESPONSABILIDADE LIMITADA,Renda Fixa Ativa,CVM,03/06/2026
62475051000127,Itau,PORTO PAINEIRA CDI SELEÇÃO FIF INCENTIVADO EM DEB DE INFRA DA CIC RF CRED PRIV RESP LIMITADA,Renda Fixa,CVM,03/06/2026
44643192000120,Itau,SPARTA MAX 60 FIC DE FI FINANCEIRO RENDA FIXA CRÉDITO PRIV LONGO PRAZO - RESPONSABILIDADE LIMITADA,Renda Fixa Ativa,CVM,03/06/2026
14188162000100,Itau,SPARTA TOP FIC DE FIF RENDA FIXA CRÉDITO PRIVADO LONGO PRAZO - RESPONSABILIDADE LIMITADA,Renda Fixa Ativa,CVM,03/06/2026
10326625000100,Itau,VALORA ABSOLUTE FIF RENDA FIXA CRÉD PRIV LONGO PRAZO - RESPONSABILIDADE LIMITADA,Renda Fixa Ativa,CVM,03/06/2026
61806555000110,Itau,VINLAND RENDA FIXA ATIVO I SELEÇÃO FIF CIC RENDA FIXA LONGO PRAZO RESPONSABILIDADE LIMITADA,Renda Fixa Ativa,CVM*,03/06/2026
47541046000181,Itau,VINLAND RENDA FIXA SELEÇÃO FIF CIC LONGO PRAZO RESPONSABILIDADE LIMITADA,Renda Fixa Ativa,CVM,03/06/2026
57753153000127,Itau,ARX HEDGE II CDI SELEÇÃO FIF INCENTIVADO EM INFRA DA CIC RF CRÉD PRIV RESP LIMITADA,Renda Fixa,CVM,03/06/2026
29992920000115,Itau,FRAM CAPITAL ITAMARACÁ FUNDO DE INVESTIMENTO EM PARTICIPAÇÕES EM INFRAESTRUTURA,Renda Fixa,CVM*,03/06/2026
62466700000123,Itau,SULAMÉRICA CRÉDITO ESG ITAÚ SELEÇÃO FIF DA CIC RF CRED PRIV LP INVEST SUSTENTÁVEL RESP LIMITADA,Renda Fixa Ativa,CVM*,03/06/2026
47640954000122,Itau,VINLAND CRÉDITO ESTRUTURADO FUNDO DE INVESTIMENTO EM DIREITOS CREDITÓRIOS RESPONSABILIDADE LIMITADA,Renda Fixa Ativa,CVM*,03/06/2026
55994151000102,Itau,XP DEBENTURES INCENTIVADAS IMAB5 CRÉD PRIV FIF RF INVESTIMENTO EM INFRAESTRUTURA - RESP LIMITADA,Renda Fixa,CVM,03/06/2026
23956069000199,Itau,JGP CORPORATE FIC DE FIF RENDA FIXA CRÉD PRIV LONGO PRAZO - FEEDER III - RESPONSABILIDADE LIMITADA,Renda Fixa Ativa,CVM*,03/06/2026
42405028000159,Itau,ROOT CAPITAL CRÉDITO HG PLUS FIC DE FIF MULTIMERCADO CRÉDITO PRIVADO - RESPONSABILIDADE LIMITADA,Renda Fixa Ativa,CVM*,03/06/2026
55497707000147,Itau,ROOT CAPITAL HIGH YIELD T360 FUNDO DE INVESTIMENTO EM DIREITOS CREDITORIOS,Renda Fixa Ativa,CVM*,03/06/2026
11046179000134,Itau,XP CORPORATE LIGHT FIC DE FIF RENDA FIXA CRÉDITO PRIVADO LONGO PRAZO - RESPONSABILIDADE LIMITADA,Renda Fixa Ativa,CVM*,03/06/2026
04621721000170,Itau,XP CORPORATE TOP CRÉDITO PRIVADO FI FINANCEIRO EM RENDA FIXA LONGO PRAZO - RESPONSABILIDADE LIMITADA,Renda Fixa Ativa,CVM*,03/06/2026
13054728000148,Itau,SOLIS CAPITAL ANTARES FIC DE FUNDOS DE INVESTIMENTO EM DIREITOS CREDITÓRIOS,Renda Fixa Ativa,CVM*,03/06/2026
62993168000100,Itau,SPX SUMMIT MACRO LONG SHORT SELEÇÃO FIF DA CIC MULTIMERCADO CRÉDITO PRIVADO RESP LIMITADA,Multimercado,CVM*,03/06/2026
08927574000111,Itau,ITAÚ BTG PACTUAL HEDGE FIF CIC RENDA FIXA CRÉDITO PRIVADO RESP LIMITADA,Renda Fixa Ativa,CVM*,03/06/2026
48107119000194,Itau,BTG PACTUAL EXPLORER RENDA FIXA ATIVA SELEÇÃO FIF CIC LONGO PRAZO RESP LIMITADA,Renda Fixa Ativa,CVM,03/06/2026
64963538000184,Itau,ABSOLUTE HIDRA PRÉ 2 ANOS SELEÇÃO FIIF EM INFRA DA CIC RF CRED PRIV RESP LIMITADA,Renda Fixa,CVM*,03/06/2026
51323039000180,Itau,ABSOLUTE HIKER RENDA FIXA INFRA SELEÇÃO FIF INCENTIVADO EM DEBÊNTURES DE INFRA DA CIC CRED PRIV LP,Renda Fixa,CVM,03/06/2026
51974730000124,Itau,ITAÚ LUMINA PLUS DEB INCENTIVADAS FIF INCENTIVADO INFRA CIC RF CRED PRIV LP - RESP LIMITADA,Renda Fixa,CVM*,03/06/2026
47610970000172,Itau,GALAPAGOS ALBATROZ FUNDO DE INVESTIMENTO FINANCEIRO RENDA FIXA,Renda Fixa,CVM,03/06/2026
42814885000102,Itau,ABSOLUTE HIKER RENDA FIXA SELEÇÃO FIF DA CLASSE DE INVESTIMENTO EM COTAS LP RESP LIMITADA,Renda Fixa,CVM,03/06/2026
36352361000144,Itau,SPARTA DEBÊNTURES INCENTIVADAS 45 FIC FIF EM INFRAESTRUTURA RENDA FIXA - RESPONSABILIDADE LIMITADA,Renda Fixa,CVM,03/06/2026
51854924000196,Itau,ASA  ALPHA NOMINAL RATES FI EM COTAS DE FUNDOS DE INVESTIMENTO RENDA FIXA LONGO PRAZO,Renda Fixa,CVM*,03/06/2026
40815071000167,Itau,ITAÚ IPCA ACTION RENDA FIXA LONGO PRAZO FIF DA CIC RESP LIMITADA,Renda Fixa,CVM*,03/06/2026
37307077000119,Itau,ITAÚ INDEX JUROS REAIS B5+ RENDA FIXA FUNDO DE INVESTIMENTO FINANCEIRO DA CIC RESP LIMITADA,Renda Fixa,CVM,03/06/2026
46438722000123,Itau,ITAÚ INFLAÇÃO MULTIESTRATÉGIA MULT FIF RESP LIMITADA,Renda Fixa,CVM*,03/06/2026
39303195000184,Itau,ITAÚ KINEA IPCA DINÂMICO II RENDA FIXA FIF DA CIC RESPONSABILIDADE LIMITADA,Renda Fixa,CVM,03/06/2026
59645144000148,Itau,ACE CAPITAL INFRA SELEÇÃO FIF INCENTIVADO EM DEBÊNTURES DE INFRA DA CIC RF CRÉD PRIV RESP LIMITADA,Renda Fixa,CVM,03/06/2026
42378579000170,Itau,ITAÚ ACTION DEBÊNTURES INCENTIVADAS FIF INCENTIVADO INFRA RF CRED PRIV LP - RESP LIMITADA,Renda Fixa,CVM,03/06/2026
58193485000167,Itau,ITAÚ DEBÊNTURES INCENTIVADAS IMA B 5 PVT MIX FIF INCENTIVADO EM INFRA RF CRÉD PRIV RESP LIMITADA,Renda Fixa,CVM*,03/06/2026
51250345000134,Itau,LEGACY CAPITAL RENDA FIXA INFRA SELEÇÃO FC DE FII EM DEB DE INFRA CRÉD PRIV LP RESP LIMITADA,Renda Fixa,CVM,03/06/2026
54090484000136,Itau,TENAX INFRA SELEÇÃO FUNDO INC INVEST FINAN EM DEB INFRA CIC RF CRED PRIV LP - RESP LIMITADA,Renda Fixa,CVM,03/06/2026
61973575000185,Itau,VINLAND FIF FI INCENTIVADO EM DEBÊNTURES DE INFRA IPCA IMAB RF CRED PRIV LONGO PRAZO RESP LIMITADA,Renda Fixa,CVM,03/06/2026
43778868000120,Itau,KAD IMAB FIC DE FI FINANCEIRO DE RENDA FIXA LONGO PRAZO - RESPONSABILIDADE LIMITADA,Renda Fixa,CVM,03/06/2026
28259415000101,Itau,IRIDIUM PIONEER DEB INCENTIVADAS FUNDO INCENT DE INVEST FINANCEIRO EM INFRA RENDA FIXA - RESP LTDA,Renda Fixa,CVM,03/06/2026
57065462000104,Itau,ABSOLUTE HIDRA IPCA SELEÇÃO FIF INCENTIVADO EM INFRAESTRUTURA DA CIC RENDA FIXA CRÉD PRIV,Renda Fixa,CVM,03/06/2026
30910199000156,Itau,ARX ELBRUS FIC DE FUNDO INCENTIVADO DE INVESTIMENTO FINANCEIRO EM INFRA RENDA FIXA - RESP LTDA,Renda Fixa,CVM*,03/06/2026
37368078000173,Itau,ARX ELBRUS PRO MASTER FUNDO INCENTIVADO DE INVESTIMENTO FINANCEIRO EM INFRA RENDA FIXA - RESP LTDA,Renda Fixa,CVM*,03/06/2026
53474080000183,Itau,DRYS DEBENTURES DE INFRAESTRUTURA FIC DE FIF RENDA FIXA INVEST CRÉD PRIV - RESPONSABILIDADE LIMITADA,Renda Fixa,CVM*,03/06/2026
46467208000116,Itau,ICATU VANGUARDA SELEÇÃO FIC DE FUNDOS INCENTIVADOS DE INVESTIMENTO EM INFRA RF LP RESP LIMITADA,Renda Fixa,CVM*,03/06/2026
47699049000148,Itau,LEGACY CAPITAL COMPOUND FIF CIC FDO INCENTIVADO EM INV EM DEBÊNTURES DE INFRA IPCA RF CP RESP LTDA,Renda Fixa,CVM*,03/06/2026
48969047000194,Itau,RIZA ÉVORA DEBÊNTURES INCENTIVADAS JUROS ATIVOS F INCENTIVADO DE INVESTIMENTO FINANCEIRO EM INFRA RF,Renda Fixa,CVM,03/06/2026
38026869000188,Itau,SPARTA TOP INFLAÇÃO MASTER FIF RENDA FIXA CRÉDITO PRIVADO LONGO PRAZO - RESPONSABILIDADE LIMITADA,Renda Fixa,CVM*,03/06/2026
64111132000173,Itau,SPX SEAHAWK SELEÇÃO DEBÊNTURES INCENTIVADAS IPCA FIF EM INFRA DA CIC RF CRED PRIV LP RESP LIMITADA,Renda Fixa,CVM,03/06/2026
58770366000120,Itau,ATENA INFRA 45 HEDGE ATIVO FUNDO INCENTIVADO DE INVESTIMENTO FINANCEIRO EM  INFRA RENDA FIXA,Renda Fixa,CVM,03/06/2026
64071100000191,Itau,CAPITÂNIA INFRA CDI MASTER FUNDO DE INVESTIMENTO EM INFRAESTRUTURA RENDA FIXA - CRÉDITO PRIVADO,Renda Fixa,CVM*,03/06/2026
41594289000100,Itau,JGP DEBÊNTURES INCENTIVADAS JUROS REAIS MASTER FIF INCENTIVADO DE INVEST EM INFRA RENDA FIXA - RL,Renda Fixa,CVM*,03/06/2026
16703345000141,Itau,ALGARAVIA CDI DEB INCENTIVADAS FUNDO DE INVESTIMENTO EM INFRAESTRUTURA RENDA FIXA CRÉDITO PRIVADO,Renda Fixa,CVM*,03/06/2026
50019162000140,Itau,PORTO BAOBA MASTER FUNDO INCENTIVADO DE INVESTIMENTO EM INFRAESTRUTURA RENDA FIXA,Renda Fixa,CVM*,03/06/2026
54094978000199,Itau,SPX SEAHAWK SELEÇÃO FIF INCENTIVADO DEB INFRA CIC RF CRED PRIV LP - RESP LIMITADA,Renda Fixa,CVM*,03/06/2026
62003988000108,Itau,VINLAND 2 SELEÇÃO FIF INCENTIVADO EM DEBÊNTURES DE INFRA ATIVO DA CIC RF CRED PRIV LP RESP LIMITADA,Renda Fixa,CVM,03/06/2026
35650636000163,Itau,CARTEIRA ITAÚ ASSET DE INVESTIMENTO FIF CIC MULTIMERCADO RESP LIMITADA,Multimercado,CVM*,03/06/2026
26269983000150,Itau,ITAÚ GLOBAL DINÂMICO PLUS MULTIMERCADO FIF CIC RESP LIMITADA,Multimercado,CVM*,03/06/2026
48053570000176,Itau,BAHIA AM MUTÁ SELEÇÃO FIF CIC MULTIMERCADO RESPONSABILIDADE LIMITADA,Multimercado,CVM,03/06/2026
42431531000189,Itau,SPX SEAHAWK RENDA FIXA CRÉDITO PRIVADO LONGO PRAZO SELEÇÃO FIF CIC RESP LIMITADA,Renda Fixa Ativa,CVM,03/06/2026
08431747000106,Itau,HEDGE BRASIL SHOPPING FUNDO DE INVESTIMENTO IMOBILIÁRIO DE RESPONSABILIDADE LIMITADA,Multimercado,CVM*,03/06/2026
46467345000150,Itau,CARTEIRA ITAÚ ASSET DE INVESTIMENTO MODERADO FIF DA CIC MULTIMERCADO RESP LIMITADA,Multimercado,CVM*,03/06/2026
22428782000105,Itau,ITAÚ AURORA YIELD PLUS MULTIMERCADO FUNDO DE INVESTIMENTO FINANCEIRO RESPONSABILIDADE LIMITADA,Multimercado,CVM,03/06/2026
57639204000194,Itau,ITAÚ FUSION EAGLE FUNDO DE INVESTIMENTO FINANCEIRO MULTIMERCADO RESPONSABILIDADE LIMITADA,Multimercado,CVM*,03/06/2026
57300942000102,Itau,ITAÚ FUSION HARPIA FUNDO DE INVESTIMENTO FINANCEIRO RENDA FIXA RESPONSABILIDADE LIMITADA,Multimercado,CVM*,03/06/2026
03618256000155,Itau,ITAÚ GLOBAL DINÂMICO BAIXA VOL MULTIMERCADO FIF CIC RESP LIMITADA,Multimercado,CVM*,03/06/2026
21407385000186,Itau,ITAÚ GLOBAL DINÂMICO MULTIMERCADO FIF DA CLASSE DE INVESTIMENTO EM COTAS RESPONSABILIDADE LIMITADA,Multimercado,CVM,03/06/2026
35364125000185,Itau,ITAÚ KINEA APOLO FUNDO DE INVESTIMENTO FINANCEIRO DA CIC MULTIMERCADO - RESPONSABILIDADE LIMITADA,Multimercado,CVM,03/06/2026
21624757000126,Itau,KINEA CHRONOS FUNDO DE INVESTIMENTO FINANCEIRO MULTIMERCADO RESPONSABILIDADE LIMITADA,Multimercado,CVM*,03/06/2026
17412175000109,Itau,ITAÚ LONG AND SHORT 30 MULTIMERCADO FIF DA CLASSE DE INVESTIMENTO EM COTAS RESP LIMITADA,Multimercado,CVM,03/06/2026
31391191000193,Itau,ITAÚ SELEÇÃO MULTIFUNDOS GENESIS FIF CIC EM AÇÕES RESPONSABILIDADE LIMITADA,Multimercado,CVM*,03/06/2026
05523348000187,Itau,ITAÚ SELEÇÃO MULTIFUNDOS MULTIMERCADO FIF CIC RESP LIMITADA,Multimercado,CVM*,03/06/2026
17329627000193,Itau,ITAÚ SELEÇÃO MULTIFUNDOS PLUS MULTIMERCADO FIF CIC RESPONSABILIDADE LIMITADA,Multimercado,CVM*,03/06/2026
32245930000100,Itau,ITAÚ SELEÇÃO MULTIFUNDOS RENDA FIXA LONGO PRAZO FIF DA CLASSE DE INVESTIMENTO EM COTAS RESP LIMITADA,Multimercado,CVM,03/06/2026
26218403000103,Itau,KINEA ATLAS FUNDO DE INVESTIMENTO FINANCEIRO MULTIMERCADO RESPONSABILIDADE LIMITADA,Multimercado,CVM*,03/06/2026
41907811000158,Itau,PORTFOLIO ITAÚ BRASIL FIF CIC DE FUNDO DE INVESTIMENTO MULTIMERCADO RESPONSABILIDADE LIMITADA,Multimercado,CVM*,03/06/2026
50980211000106,Itau,VINLAND CRÉDITO SELEÇÃO FIF DA CIC MULTIMERCADO CRÉDITO PRIVADO RESPONSABILIDADE LIMITADA,Renda Fixa Ativa,CVM,03/06/2026
51252839000158,Itau,ACE CAPITAL DRIVE SELEÇÃO MULTIMERCADO FIF DA CIC RESPONSABILIDADE LIMITADA,Multimercado,CVM,03/06/2026
42379878000120,Itau,ACE CAPITAL MULTIMERCADO SELEÇÃO FIF DA CLASSE DE INVESTIMENTO EM COTAS RESPONSABILIDADE LIMITADA,Multimercado,CVM,03/06/2026
38025711000193,Itau,AZ QUEST MULTI MAX SELEÇÃO FUNDO DE INVESTIMENTO FINANCEIRO DA CIC MULTIMERCADO RESP LIMITADA,Multimercado,CVM,03/06/2026
03524814000113,Itau,ALVORADA FUNDO DE INVESTIMENTO FINANCEIRO AÇÕES - RESPONSABILIDADE LIMITADA,Multimercado,CVM*,03/06/2026
59825832000190,Itau,ITAÚ CRÉDITO ESTRUTURADO SANTORINI FUNDO DE INVESTIMENTO FINANCEIRO MULTIMERCADO RESP LIMITADA,Multimercado,CVM*,03/06/2026
42299229000119,Itau,ITAÚ GLOBAL DINÂMICO ULTRA MULTIMERCADO FIF CIC RESPONSABILIDADE LIMITADA,Multimercado,CVM*,03/06/2026
37347946000139,Itau,ITAÚ HUNTER TOTAL RETURN MULTIMERCADO FIF CIC RESPONSABILIDADE LIMITADA,Multimercado,CVM*,03/06/2026
40671706000108,Itau,ITAÚ OPTIMUS EXTREME MULTIMERCADO FUNDO DE INVESTIMENTO FINANCEIRO RESPONSABILIDADE LIMITADA,Multimercado,CVM*,03/06/2026
62880738000148,Itau,ITAÚ OPTIMUS LONG SHORT PLUS FIF DA CIC MULTIMERCADO RESPONSABILIDADE LIMITADA,Multimercado,CVM*,03/06/2026
40671799000162,Itau,ITAÚ OPTIMUS TITAN MULTIMERCADO FUNDO DE INVESTIMENTO FINANCEIRO RESPONSABILIDADE LIMITADA,Multimercado,CVM,03/06/2026
27591107000108,Itau,ITAÚ SELEÇÃO MULTIFUNDOS DISCOVERY MULTIMERCADO FIF DA CIC RESPONSABILIDADE LIMITADA,Multimercado,CVM,03/06/2026
28280864000123,Itau,ITAÚ SELEÇÃO MULTIFUNDOS GLOBAL ALPHA MULTIMERCADO IE FIF CIC RESPONSABILIDADE LIMITADA,Multimercado,CVM*,03/06/2026
42337008000198,Itau,ITAÚ SELEÇÃO MULTIFUNDOS MULTIMERCADO CRÉDITO PRIVADO FIF CIC RESP LIMITADA,Multimercado,CVM*,03/06/2026
63758732000165,Itau,ITAÚ PARAGON SELEÇÃO FIF DA CIC MULTIMERCADO RESPONSABILIDADE LIMITADA,Multimercado,CVM,03/06/2026
41287719000132,Itau,DAHLIA GLOBAL ALLOCATION MULTIMERCADO SELEÇÃO FIF DA CLASSE DE INVESTIMENTO EM COTAS RESP LIMITADA,Multimercado,CVM,03/06/2026
59779613000111,Itau,SANTA FÉ AQUARIUS SELEÇÃO FUNDO DE INVESTIMENTO FINANCEIRO DA CLASSE DE INVESTIMENTO EM COTAS MULT,Multimercado,CVM,03/06/2026
63458367000173,Itau,VINLAND LONG SHORT SELEÇÃO FIF DA CIC MULTIMERCADO RESPONSABILIDADE LIMITADA,Multimercado,CVM,03/06/2026
27580533000146,Itau,BAHIA AM MARAÚ SELEÇÃO FIF DA CIC MULTIMERCADO RESPONSABILIDADE LIMITADA,Multimercado,CVM,03/06/2026
32921848000140,Itau,BAHIA AM SELEÇÃO FIF DA CLASSE DE INVESTIMENTO EM COTAS MULTIMERCADO RESPONSABILIDADE LIMITADA,Multimercado,CVM,03/06/2026
07900255000150,Itau,ICATU VANGUARDA CRÉDITO PRIVADO FIF - CLASSE DE INVESTIMENTO RENDA FIXA LP -RESP LIMITADA,Renda Fixa Ativa,CVM*,03/06/2026
37555151000116,Itau,KADIMA SELEÇÃO FUNDO DE INVESTIMENTO FINANCEIRO DA CIC MULTIMERCADO RESP LIMITADA,Multimercado,CVM,03/06/2026
07187591000105,Itau,MAPFRE INVERSION FUNDO DE INVESTIMENTO FINANCEIRO MULTIMERCADO - RESPONSABILIDADE LIMITADA,Multimercado,CVM,03/06/2026
63310241000157,Itau,GENOA CAPITAL SAGRES SELEÇÃO FIF CIC MULTIMERCADO RESP LIMITADA,Multimercado,CVM,03/06/2026
17025970000144,Itau,FUNDO DE INVESTIMENTO IMOBILIÁRIO FII NOVO HORIZONTE - RESPONSABILIDADE LIMITADA,Multimercado,CVM*,03/06/2026
09620860000100,Itau,ANGÁ PORTFÓLIO FI FINANCEIRO MULTIMERCADO CRÉDITO PRIVADO - RESPONSABILIDADE LIMITADA,Multimercado,CVM,03/06/2026
44574244000153,Itau,ARMOR SWORD MASTER FUNDO DE INVESTIMENTO FINANCEIRO MULTIMERCADO,Multimercado,CVM*,03/06/2026
23272391000107,Itau,CAPITÂNIA RADAR 90 FIF MULTIMERCADO CRÉDITO PRIVADO LONGO PRAZO - RESPONSABILIDADE LIMITADA,Multimercado,CVM,03/06/2026
03119883000141,Itau,JGP HEDGE FIC DE FUNDOS DE INVESTIMENTO FINANCEIRO MULTIMERCADO - RESPONSABILIDADE LIMITADA,Multimercado,CVM,03/06/2026
31820924000168,Itau,JGP STRATEGY SELEÇÃO MULTIMERCADO FUNDO DE INVESTIMENTO FINANCEIRO DA CIC RESP LIMITADA,Multimercado,CVM,03/06/2026
11403956000150,Itau,OCCAM EQUITY HEDGE FIC DE FI FINANCEIRO MULTIMERCADO - RESPONSABILIDADE LIMITADA,Multimercado,CVM*,03/06/2026
35822770000102,Itau,OCCAM RETORNO ABSOLUTO SELEÇÃO FUNDO DE INVESTIMENTO FINANCEIRO DA CIC MULTIMERCADO RESP LIMITADA,Multimercado,CVM,03/06/2026
43164438000118,Itau,POLO CRÉDITO ESTRUTURADO 90 FUNDO DE INVESTIMENTO FINANCEIRO MULTIMERCADO,Renda Fixa Ativa,CVM,03/06/2026
39959828000107,Itau,PRINCIPAL CLARITAS LIQUIDEZ ADVISORY FIF EM COTAS DE FUNDOS DE INVESTIMENTO MULTIMERCADO,Multimercado,CVM*,03/06/2026
05109839000186,Itau,PRINCIPAL CLARITAS LONG SHORT FUNDO DE INVESTIMENTO FINANCEIRO EM COTAS DE FI MULTIMERCADO,Multimercado,CVM*,03/06/2026
51752331000119,Itau,QUANTITAS MALLORCA SELEÇAO FIF DA CLASSE DE INVESTIMENTO EM COTAS MULTIMERCADO RESP LIMITADA,Multimercado,CVM,03/06/2026
36249245000102,Itau,VINLAND MACRO SELEÇÃO FUNDO DE INVESTIMENTO FINANCEIRO DA CIC MULTIMERCADO RESP LIMITADA,Multimercado,CVM,03/06/2026
52285204000110,Itau,ALPHAKEY LONG SHORT MASTER FUNDO DE INVESTIMENTO FINANCEIRO MULTIMERCADO,Multimercado,CVM*,03/06/2026
06041290000106,Itau,ARX EXTRA FIC DE FIF MULTIMERCADO - RESP LTDA,Multimercado,CVM,03/06/2026
17414721000140,Itau,ARX MACRO FIC DE FIF MULTIMERCADO - RESP LTDA,Multimercado,CVM,03/06/2026
31008653000140,Itau,AZ QUEST TOTAL RETURN SELEÇÃO FUNDO DE INVESTIMENTO FINANCEIRO DA CIC MULTIMERCADO RESP LIMITADA,Multimercado,CVM,03/06/2026
34774288000173,Itau,DAHLIA TOTAL RETURN SELEÇÃO FIF DA CLASSE DE INVESTIMENTO EM COTAS MULTIMERCADO RESP LIMITADA,Multimercado,CVM,03/06/2026
48094425000133,Itau,IBIUNA CREDIT SELEÇÃO FIF CIC MULTIMERCADO CRÉDITO PRIVADO RESP LIMITADA,Renda Fixa Ativa,CVM,03/06/2026
49618243000187,Itau,IBIUNA LONG BIASED SELEÇÃO FUNDO DE INVESTIMENTO FINANCEIRO DA CIC MULTIMERCADO RESP LIMITADA,Multimercado,CVM,03/06/2026
53643941000100,Itau,JUBARTE MIGRATION II FUNDO DE INVESTIMENTO EM COTAS DE FUNDOS DE INVESTIMENTO MULTIMERCADO,Multimercado,CVM,03/06/2026
48133182000103,Itau,KADIMA HIGH VOL SELEÇÃO FIF DA CLASSE DE INVESTIMENTO EM COTAS MULTIMERCADO RESP LIMITADA,Multimercado,CVM,03/06/2026
26386658000177,Itau,KAPITALO KAPPA SELEÇÃO FIF CIC MULTIMERCADO RESPONSABILIDADE LIMITADA,Multimercado,CVM*,03/06/2026
11616374000152,Itau,KINITRO EAGLE FUNDO DE INVESTIMENTO MULTIMERCADO RESPONSABILIDADE LIMITADA,Multimercado,CVM*,03/06/2026
52273393000100,Itau,LEGACY CAPITAL CREDIT SELEÇÃO FIF CIC MULTIMERCADO CRÉDITO PRIVADO RESP LIMITADA,Renda Fixa Ativa,CVM,03/06/2026
42754313000185,Itau,NEO PROVECTUS I SELEÇÃO FIF CIC MULTIMERCADO RESPONSABILIDADE LIMITADA,Multimercado,CVM,03/06/2026
38948845000186,Itau,PATRIA LONG BIASED MASTER FUNDO DE INVESTIMENTO FINANCEIRO MULTIMERCADO,Multimercado,CVM*,03/06/2026
07013315000112,Itau,POLO NORTE I LONG SHORT FIC DE FIF MULTIMERCADO - RESPONSABILIDADE LIMITADA,Multimercado,CVM,03/06/2026
31392821000144,Itau,PRINCIPAL CLARITAS QUANT MASTER FUNDO DE INVESTIMENTO FINANCEIRO MULTIMERCADO,Multimercado,CVM*,03/06/2026
44157044000103,Itau,STUDIO LONG BIAS FUNDO DE INVESTIMENTO FINANCEIRO MULTIMERCADO - RESPONSABILIDADE LIMITADA,Multimercado,CVM,03/06/2026
42699005000102,Itau,TENAX TOTAL RETURN SELEÇÃO FIF DA CIC MULTIMERCADO RESPONSABILIDADE LIMITADA,Multimercado,CVM,03/06/2026
25306783000167,Itau,TRUXT MACRO SELEÇÃO FIF DA CLASSE DE INVESTIMENTO EM COTAS MULTIMERCADO RESP LIMITADA,Multimercado,CVM,03/06/2026
41734805000146,Itau,VINLAND MACRO PLUS MULTIMERCADO SELEÇÃO FUNDO DE INVESTIMENTO FINANCEIRO DA CIC RESP LIMITADA,Multimercado,CVM,03/06/2026
35726300000137,Itau,BRAVE 90 FUNDO DE INVESTIMENTO EM COTAS DE FUNDOS DE INVESTIMENTO EM DIREITOS CREDITÓRIOS,Renda Fixa Ativa,CVM*,03/06/2026
23729525000168,Itau,VALORA GUARDIAN II FUNDO DE INVESTIMENTO EM DIREITOS CREDITÓRIOS RESPONSABILIDADE LIMITADA,Renda Fixa Ativa,CVM*,03/06/2026
17313316000136,Itau,VALORA HORIZON HIGH YIELD FUNDO DE INVESTIMENTO EM DIREITOS CREDITÓRIOS,Renda Fixa Ativa,CVM,03/06/2026
54851094000131,Itau,VERDE AM IPÊ FUNDO DE INVESTIMENTO EM DIREITOS CREDITÓRIOS RESPONSABILIDADE LIMITADA,Renda Fixa Ativa,CVM,03/06/2026
21983042000160,Itau,ABSOLUTE ALPHA GLOBAL FIC DE FI FINANCEIRO MULTIMERCADO - RESPONSABILIDADE LIMITADA,Multimercado,CVM*,03/06/2026
28280961000116,Itau,ABSOLUTE HEDGE SELEÇÃO FIF DA CLASSE DE INVESTIMENTO EM COTAS MULTIMERCADO RESPONSABILIDADE LIMITADA,Multimercado,CVM,03/06/2026
58341387000120,Itau,BB ESPELHO MULTIMERCADO GALAPAGOS EVOLUTION CRÉDITO PRIVADO FIC FIF RESPONSABILIDADE LIMITADA,Renda Fixa Ativa,CVM,03/06/2026
22428762000126,Itau,IBIUNA HEDGE SELEÇÃO MULTIMERCADO FUNDO DE INVESTIMENTO FINANCEIRO DA CIC RESP LIMITADA,Multimercado,CVM,03/06/2026
18990334000115,Itau,JGP CORPORATE PLUS MASTER FUNDO DE INVESTIMENTO FINANCEIRO MULTIMERCADO CRÉDITO PRIVADO RESP LTDA,Renda Fixa Ativa,CVM*,03/06/2026
00947958000194,Itau,OPPORTUNITY MARKET FIC DE FUNDOS DE INVESTIMENTO FINANCEIRO MULTIMERCADO - RESPONSABILIDADE LIMITADA,Multimercado,CVM*,03/06/2026
23601467000192,Itau,POLO TOTAL CREDIT FIC DE FIF MULTIMERCADO CRÉDITO PRIVADO - RESPONSABILIDADE LIMITADA,Renda Fixa Ativa,CVM,03/06/2026
37348103000157,Itau,A1 HEDGE SELEÇÃO FIF CIC MULTIMERCADO RESP LIMITADA,Multimercado,CVM,03/06/2026
31024343000110,Itau,ABSOLUTE VERTEX SELEÇÃO FIF DA CLASSE DE INVESTIMENTO EM COTAS MULTIMERCADO,Multimercado,CVM*,03/06/2026
25382586000127,Itau,ADAM MACRO SELEÇÃO MULTIMERCADO FUNDO DE INVESTIMENTO FINANCEIRO DA CIC RESP LIMITADA,Multimercado,CVM,03/06/2026
27706810000114,Itau,ARMOR PREVIDÊNCIA FUNDO DE INVESTIMENTO MULTIMERCADO RESPONSABILIDADE LIMITADA,Multimercado,CVM*,03/06/2026
25682163000122,Itau,GÁVEA MACRO SELEÇÃO MULTIMERCADO FUNDO DE INVESTIMENTO FINANCEIRO DA CIC RESPONSABILIDADE LIMITADA,Multimercado,CVM,03/06/2026
37348037000115,Itau,GENOA CAPITAL RADAR SELEÇÃO FIF DA CIC MULTIMERCADO RESPONSABILIDADE LIMITADA,Multimercado,CVM,03/06/2026
28629342000194,Itau,GHT4 VECTOR MASTER FUNDO DE INVESTIMENTO FINANCEIRO MULTIMERCADO,Multimercado,CVM*,03/06/2026
42282089000176,Itau,IBIUNA HEDGE STR MULTIMERCADO SELEÇÃO FIF CIC RESP LIMITADA,Multimercado,CVM,03/06/2026
28077900000156,Itau,IBIUNA LONG SHORT STLS SELEÇÃO MULTIMERCADO FUNDO DE INVESTIMENTO FINANCEIRO DA CIC RESP LIMITADA,Multimercado,CVM,03/06/2026
30351337000104,Itau,LEGACY CAPITAL SELECTION FUNDO DE INVESTIMENTO FINANCEIRO EM COTAS DE FI MULTIMERCADO,Multimercado,CVM*,03/06/2026
54953009000146,Itau,LEGACY CAPITAL V10 SELEÇÃO FIF DA CLASSE DE INVESTIMENTO EM COTAS MULTIMERCADO - RESP LIMITADA,Multimercado,CVM,03/06/2026
28851732000104,Itau,NEO MULTI ESTRATÉGIA 30 SELEÇÃO FUNDO DE INVESTIMENTO FINANCEIRO DA CIC MULTIMERCADO RESP LIMITADA,Multimercado,CVM*,03/06/2026
17102710000125,Itau,OCCAM LONG & SHORT PLUS FUNDO DE INVESTIMENTO FINANCEIRO MULTIMERCADO - RESPONSABILIDADE LIMITADA,Multimercado,CVM*,03/06/2026
37348061000154,Itau,OCEANA LONG BIASED SELEÇÃO FUNDO DE INVESTIMENTO FIF CIC MULT RESP LIMITADA,Multimercado,CVM*,03/06/2026
05448587000110,Itau,OPPORTUNITY TOTAL FIC DE FUNDOS DE INVESTIMENTO FINANCEIRO MULTIMERCADO RESPONSABILIDADE LIMITADA,Multimercado,CVM*,03/06/2026
41342624000174,Itau,VISTA HEDGE MULTIMERCADO SELEÇÃO FIF DA CLASSE DE INVESTIMENTO EM COTAS RESPONSABILIDADE LIMITADA,Multimercado,CVM,03/06/2026
59150192000165,Itau,VISTA MACRO ABSOLUTO SELEÇÃO FIF DA CLASSE DE INVESTIMENTO EM COTAS MULTIMERCADO RESP LIMITADA,Multimercado,CVM,03/06/2026
60851421000158,Itau,ARTESANAL CP 90 ION FUNDO DE INVESTIMENTO EM DIREITOS CREDITÓRIOS - RESPONSABILIDADE LIMITADA,Renda Fixa Ativa,CVM,03/06/2026
23999611000190,Itau,XP CORPORATE PLUS FIC DE FI FINANCEIRO MULTIMERCADO CRÉDITO PRIVADO - RESPONSABILIDADE LIMITADA,Renda Fixa Ativa,CVM*,03/06/2026
28075078000194,Itau,ADAM MACRO STRATEGY SELEÇÃO MULTIMERCADO FUNDO DE INVESTIMENTO FINANCEIRO DA CIC RESP LIMITADA,Multimercado,CVM,03/06/2026
48068979000166,Itau,KAPITALO ZETA MERÍDIA SELEÇÃO FIF DA CLASSE DE INVESTIMENTO EM COTAS MULTIMERCADO RESP LIMITADA,Multimercado,CVM,03/06/2026
41163578000146,Itau,KAPITALO ZETA SELEÇÃO MULTIMERCADO FIF DA CLASSE DE INVESTIMENTO EM COTAS RESPONSABILIDADE LIMITADA,Multimercado,CVM,03/06/2026
27945311000180,Itau,SPX NIMITZ SELECTION FUNDO DE INVESTIMENTO FINANCEIRO DA CIC MULTIMERCADO RESPONSABILIDADE LIMITADA,Multimercado,CVM*,03/06/2026
09141867000131,Itau,TAVOLA ABSOLUTO FUNDO DE INVESTIMENTO FINANCEIRO EM COTAS DE FUNDOS DE INVESTIMENTO MULTIMERCADO,Multimercado,CVM*,03/06/2026
34780531000166,Itau,SOLIS CAPITAL ANTARES LIGHT FI EM COTAS DE FUNDOS DE INVESTIMENTO EM DIREITOS CREDITORIOS,Renda Fixa Ativa,CVM*,03/06/2026
40692052000190,Itau,KAPITALO K10 SELEÇÃO MULTIMERCADO FIF CIC RESP LIMITADA,Multimercado,CVM,03/06/2026
34286706000183,Itau,OPPORTUNITY TOTAL EVOLUTION FIC DE FI FINANCEIRO MULTIMERCADO - RESPONSABILIDADE LIMITADA,Multimercado,CVM,03/06/2026
60916614000140,Itau,SPX RAPTOR SELEÇÃO FIF CIC MULTIMERCADO CRÉDITO PRIVADO RESPONSABILIDADE LIMITADA,Multimercado,CVM,03/06/2026
26470473000146,Itau,PIMCO INCOME SELEÇÃO FIF CIC MULTIMERCADO INVESTIMENTO NO EXTERIOR RESPONSABILIDADE LIMITADA,Multimercado,CVM,03/06/2026
51820237000150,Itau,ITAÚ MULTIFUNDOS ORION ÍON SELEÇÃO FIF CIC MULTIMERCADO CRÉDITO PRIVADO - RESP LIMITADA,Multimercado,CVM,03/06/2026
57653905000188,Itau,ITAÚ SOLUTIONS RÍGEL FUNDO DE INVESTIMENTO FINANCEIRO DA CIC MULT RESP LIMITADA,Multimercado,CVM*,03/06/2026
57748037000110,Itau,ITAÚ SOLUTIONS VEGA MASTER FUNDO DE INVESTIMENTO FINANCEIRO MULTIMERCADO RESPONSABILIDADE LIMITADA,Multimercado,CVM*,03/06/2026
26324086000100,Itau,ADAM EXCLUSIVO SELEÇÃO MULTIMERCADO FUNDO DE INVESTIMENTO FINANCEIRO DA CIC RESP LIMITADA,Multimercado,CVM,03/06/2026
17420140000111,Itau,JGP MAX SELEÇÃO MULTIMERCADO FIF DA CLASSE DE INVESTIMENTO EM COTAS RESP LIMITADA,Multimercado,CVM,03/06/2026
17420054000109,Itau,VERDE AM PATRIMÔNIO SELEÇÃO MULTIMERCADO FIF DA CLASSE DE INVESTIMENTO EM COTAS RESP LIMITADA,Multimercado,CVM,03/06/2026
36348543000141,Itau,ADAM ADVANCED PVT FIF CIC MULTIMERCADO CRÉDITO PRIVADO INVESTIMENTO NO EXTERIOR RESP LIMITADA,Multimercado,CVM,03/06/2026
36046327000141,Itau,PÁTRIA MONEDA LATAM CORPORATE CREDIT FI EM COTAS DE FI MULTIMERCADO CRED PRIV RESP LIMITADA,Renda Fixa Ativa,CVM*,03/06/2026
42399185000107,Itau,OAKTREE GLOBAL CREDIT BRL SELEÇÃO FIF CIC MULTIMERCADO CRÉD PRIV IE RESP LIMITADA,Renda Fixa Ativa,CVM,03/06/2026
44977584000125,Itau,Subclasse A Vox Sustentável IS,Renda Fixa Ativa,Manual,03/06/2026
17627210000107,Itau,Atena Tapyr Renda Fixa Longo Prazo Crédito Privado,Renda Fixa Ativa,Manual,03/06/2026
36729755000179,Itau,Galapagos Dragon Direitos Creditórios,Renda Fixa Ativa,Manual,03/06/2026
57335243000106,Itau,Itau Omni Multimercado,Multimercado,Manual,03/06/2026
36436794000188,Itau,Riza Daikon Multimercado Crédito Privado,Renda Fixa Ativa,Manual,03/06/2026
15578417000103,Itau,OCCAM INSTITUCIONAL FICFI MULTIMERCADO II,Multimercado,Manual,03/06/2026
34719487000189,Itau,Vinci Auguri Multimercado,Multimercado,Manual,03/06/2026
40575693000165,Itau,Tavola Equity Hedge 15 Multimercado,Multimercado,Manual,03/06/2026
